;;Название категории в 1-с;Цена;
;;;;
;RU PUR FELIX DD Dry Cat 300g;;;
12320968;12367740;FELIX Doubly Delicious Fish 10x300g N1RU;97,52;
12367740;12320968;FELIX ДвойнВкус Рыба 10x300г RU;97,52;
12384464;12367741;FELIX ДвойнВкус Птица 10x300г N1RU;97,52;
12384463;12411653;FELIX Doubly Delicious Meat10x300gPR19RU;97,53;
12411653;12384463;FELIX Двойная Вкус Мясо 10x300г;97,53;
12367741;12320969;FELIX Doubly Delicious Poultry 10x300gRU;97,52;
12320970, 12384463;12367742;12411653;97,52;
;RU PUR FELIX DD Dry Cat 750g;;;
12384536;12320971;FELIX Doubly Delicious Fish 8x750g RU;218,33;
12320972, 12367750;12384535;FELIX Двойная Вкус Птица 8x750г;218,33;
12320973, 12411529, 12367751;12384534;FELIX Doubly Delicious Meat 8x750g N1 RU;218,33;
;RU PUR Friskies Dry Cat 10-20 kg;;;
12384636;12150595;FRISKIES Cat Мясо&Курица&Печен10кг;1539,66;
12384638;12053617;FRISKIES Cat Мясо&Овощ 10kgX8;1539,66;
;RU PUR Friskies Dry Cat 2kg;;;
12384632;12053622;FRISKIES Д/ВзрКош Сух Мясо&Кур&Печ 6х2кг;358,70;
12384639;12053625;FRISKIES Д/Кош Кролик&Овщ 6x2kg X8;358,70;
12053767;12384679;FRSIKIES д/ВзрКош Мясо Кур&Овщ 6x2kgN1X8;358,70;
5118345;12384634;ФРИСКИС Д/КотятКурМолОв 6х2кг N2;358,70;
;RU PUR Friskies Dry Cat 400g;;;
;12152610;FRISKIES Д/Кош Крол&Овщ 10x400g RU;79,53;
;12152494;FRSK JUNIOR Cat Кур&Мол&Овощ 10x400г RU;79,53;
12384604;12152612;FRISKIES Д/Кош Мяс&Кур&Печ 10x400г;79,53;
12384609;12152613;FRISKIES Д/Кош Мясо&Овощ 10x400г RU;79,53;
;RU PUR Friskies Spec Needs Dry Cat 1,5kg;;;
12384642;12274319;FRISKIES Д/СтерКош Крол&Овощ 8x1.5kgRU;358,70;
;12261250;FRISKIES Кош КомШерс Кур&Овощ 8x1.5кг RU;358,70;
;12261250;FRISKIES INDOOR CatChkn&GrdGrns8x1.5kgRU;358,70;
;RU PUR Friskies Spec Needs Dry Cat 300 g;;;
;;;79,53;
12274332;12384600;FRISKIES Д/ДомКош Кур&СадЗел 10х300гRU;79,53;
;12261251;FRISKIES Кош КомШерс Кур&Овощ 10x300г RU;79,53;
12384601;12274331;FRISKIES Д/СтерКош Крол&Овощ 10х300гRU;79,53;
;RU PUR ONE Dry Cat 1,5kg;;;
;12376664;ONE STERILC IDFR Chkn&WhlG 6x1.5kg RU;548,45;
;12376663;ONE SENSITIVE Cat Turkey&Rice 6x1.5kg RU;548,45;
12368872;12330375;ONE ADULTД/КошКур&ЦелЗлак6х1.5кг PRNCPRU;548,45;
;12320310;ONE INDOOR FORMULACatTurkey 6x1.5kgN1 RU;548,45;
;12330376;ONE STERILCAT Лос&Пшен 6x1.5кгPRNCP RU;548,45;
;12320269;ONE STERILCAT Salmon & Wheat 1.5кг (6) N2 RU;548,45;
;12353233;ONE STERILCAT Salmon&Wheat 6x1.5kg N3 RU;548,45;
;12319971;ONE ADULT Cat Chicken&WhlG 6x1.5kg N3 RU;548,45;
;12353232;ONE INDOOR FORMULA Cat Trky 6x1.5kg N2RU;548,45;
;RU PUR ONE Dry Cat 200g;;;
;12115819;ONE ADULT Д/Кош Кур&ЦелЗлак 200г (10) N3 ;93,27;
12353137;12115821;ONE JUNIOR Д/Котят Кур&ЦелЗлк 10x200г N4;93,27;
12353135;12141414;ONE SENSITIVE Д/Кош Инд&Рис 10x200г N2;93,27;
12369438;12115820;ONE IDFR Cat Инд&ЦелЗл 10x200г N3 RU;93,27;
12353130, 12368762;12116832;ONE STERILCAT Лосось&Пшеница 10x200г;93,27;
;12349411;ONE Д/Котят Кур&ЦелЗлак 10x200г N5RU;93,27;
;RU PUR ONE Dry Cat 3kg;;;
12353229;12317600;ONE STERILCAT Beef&Wheat 4x3kg RU;926,82;
12353230;12317601;ONE IDFR Cat Turkey&WhlG 4x3kg RU;926,82;
;RU PUR ONE Dry Cat 800g;;;
;12220749;ONE ADULT Д/Кош Курица&ЦелЗл 8x750г;302,79;
;12220879;ONE INDOOR FORMULACat Инд&ЦелЗлаки 8x750;302,79;
;12220890;ONE SENSITIVE Д/Кош Инд&Рис 8x750г;302,79;
;12355135;ONE JUNIOR Cat Chicken&WhlG 8x750g N1 RU;302,79;
;12220882;ONE STERILCAT Cat Лосось&Пшеница 8x750г;302,79;
;12306648;ONE Д/ВзрКош 11+ Кур&ЦелЗлак 8x750gPRNCP;302,79;
;12273426;ONE Д/КошСтар11 Кур&ЦелЗлак 8x750гRU;302,79;
;12376629;ONE STERILC IDFR Chkn&WhlG 8x750g RU;302,79;
;12273463;ONE Д/КрШиКОВК Кош Кур&ЦелЗлак 8x750гRU;302,79;
;12237734;ONE STERILCAT Говядина&Пшен 8x750г RU;302,79;
12353222;12273462;ONE Д/ВзрКош Гов&ЦелЗлак 8x750гRU;302,79;
;12339198;ONE д/Котят Кур&ЦелЗлак 8х750г RU;302,79;
;RU PUR Darling  Cat 300 g.;;;
12161208;12238862;DARLING Сух кош Мясо&Овощи 10x300г N1 RU;54,19;
;RU PUR Darling Cat 2 kg.;;;
;12067970;DARLING Д/Соб Кур&Инд 12x1.2кг N1 X3;236,39;
;12067965;DARLING Д/Соб Мясо&Печ 12x1.2кг N1 X3;236,39;
;12047929;DARLING Кошка Мясо Овощи 6х2кг;337,09;
;12047940;DARLING Кошка Птица Овощи 6х2кг;337,09;
;RU PUR Darling Cat 10 kg.;;;
;12048258;DARLING Д/Кошек Птица Овощи 10кг;1223,97;
12402675;12047896;DARLING Д/Кошек Мясо Овощи10кг;1223,97;
;RU PUR ONE MEDMAX Dog Dry 1,8kg;;;
;12381938;ONE MEDMAXJNR DD Chicken&Rice 6x1.8kg R;570,45;
;12381939;ONE MEDMAXADL DD Beef&Rice 6x1.8kg RU;570,45;
;RU PUR ONE MEDMAX Dog Dry 3,8 kg;;;
;12381950;ONE MEDMAXADL DD Beef&Rice 4x3.8kg RU;1033,91;
;RU PUR ONE MEDMAX Dog Dry 700 g;;;
;12381951;ONE MEDMAXJNR DD Chicken&Rice 8x700g RU;258,69;
;RU PUR ONE My Dog is 1.5kg;;;
;12259920;ONE Моя СобакаНепоседа КурРис 6x1.5кгRU;353,48;
;12324512;ONE МИНИ Активная КурРис 6x1.5кгRU;353,48;
;12259921;ONE Моя СобакаЛюбПоесть ИндРис 6x1.5кгRU;353,48;
;12324549;ONE МИНИ ЗдоровВес ИндРис 6х1.5кгRU;353,48;
;RU PUR ONE My Dog is 600g;;;
;12259917;ONE Моя Соб Взрос ГовРис 8x600гPRRU;203,13;
;12324488;ONE МИНИ Взрослая ГовРис 8x600гRU;203,13;
;12324510;ONE МИНИ Активная КурРис 8x600гRU;203,13;
;12259919;ONE Моя Собака Непоседа Кур Рис 600г(8) RU;203,13;
;12324485;ONE МИНИ ЗдоровВес ИндРис 8x600гRU;203,13;
;12259916;ONE Моя СобакаЛюбПоесть ИндРис 8x600гRU;203,13;
;12324511;ONE МИНИ Чувствит ЛосРис 8x600гRU;203,13;
;12376202;ONE MINI Dog Puppy Chicken 8x600g RU;203,13;
;12259918;ONE Моя Соб Чувствит ЛосРис 8x600гPRRU;203,13;
;RU PUR Purina One Mini Dry 200g;;;
;12338867;ONE Мини Активная КурРис 10x200гRU;98,50;
;12338865;ONE Мини Взрослая ГовРис 10x200гRU;98,50;
;RU PUR Darling Dog 10 kg;;;
;12045622;DARLING Собака Курица Овощи 10кг;1002,16;
;12045392;DARLING Собака Мясо Овощи 10кг;1002,16;
;12285418;DARLING Dog Meat&Vegetable 10kg N1 X8;1002,16;
;12285429;DARLING Dog Poultry&Vegetable 10kg N1 X8;1002,16;
;RU PUR Darling Dog 2,5 kg;;;
;12187228;DARLING Д/Собак Мясо&Овощи 5x2.5кг X8;239,46;
;12187227;DARLING Д/Собак Курица&Овощи 5x2.5кг X8;239,46;
;12285408;DARLING Dog Meat&Vegetable 5x2.5kg N1 X8;293,18;
12383875;12285417;DARLING Dog Poultry&Vegetable5x2.5kgN1X8;293,18;
