;;Название категории в 1-с;База 1
;RU PUR DENTALIFE Single;;
;12366294;DENTALIFE SMALL Single 16x16.4g RU;38,25
;12366293;DENTALIFE MEDIUM Single 14x23g RU;38,25
;12366292;DENTALIFE LARGE Single 12x35.5g RU;38,25
;RU PUR DENTALIFE Standard;;0,00
;12365699;DENTALIFE SMALL 5x115g RU;139,35
12452741;12365750;DENTALIFE MEDIUM 5x115g RU;139,35
12452807;12365753;DENTALIFE LARGE 5x142g RU;139,35
;PRO PLAN;;0,00
;RU PUR Dog Snacks;;0,00
12431877;12353783;PROPLAN DENTAL PRO BAR д мелкпор 6x150г;236,90
12431587;12381634;PROPLAN DENTAL PROBAR крсредпор 150г (6);223,08
;12406914;PRO PLAN снек FocusPro Sticks Кур 8x126г;153,29
;12406913;PRO PLAN снек FocusPro Sticks Ягн 8x126г;153,29
;RU PUR ProPlan Dog Biscuit 400g;;0,00
;12333256;PRO PLAN Dog лакомство куррис 4x400г;310,29
;12333257;PRO PLAN DOG лакомство лосрис 4x400г;310,29
;12333276;PRO PLAN DOG лакомство ягнрис 4x400г;310,29
;RU PUR ProPlan Dog лакомство 175g;;0,00
;12407241;PRO PLAN DOG лакомство лосрис 5x175г;150,28
;12407244;PRO PLAN DOG лакомство ягнрис 5x175г;150,28
;CAT CHOW;;0,00
;RU PUR Cat Chow 1.5kg - 2kg ;;0,00
;12123730;CAT CHOW проф/ком/шерсти Д.Птица 8х1.5кг;449,41
;12309221;CAT CHOW Д/ВзрКош Утка 8x1.5kg N1 RU;359,53
;12309194;CAT CHOW Д/ВзрКош Птица 8x1.5kg N1 RU;359,53
;12309195;CAT CHOW для котят Птица 8x1.5kg N1 RU;395,50
;12123733;CAT CHOW  SENSITIVE Д/КошСЧувПищ 8x1.5кг;449,41
;12212308;CAT CHOW FELINE 3IN1 PoulTrky 8x1.5kg RU;449,41
;12123730;CAT CHOW HRBLCTRL сух д/к 8x1.5кг N1 RU;449,41
;12123732;CAT CHOW STERILISED Poultry 8x1.5kg N1RU;449,41
;12123731;CAT CHOW UTH ЗдорМочП вз/кош 8x1.5kgN1RU;449,41
;12340846;CAT CHOW д/взр/кош Дом.Птиц 6х2кг PR25%;359,53
;12340861;CAT CHOW д/стерил/кошек 6x2кг 25%PR;449,41
;12340848;CAT CHOW SENSITIVE 6x2kg PR25%17RU;449,41
;12340847;CAT CHOW UTH Poultry 6x2kg PR25%17RU;449,41
;RU PUR Cat Chow 15kg;;0,00
;12147110;C CHOW HRBLCTRL КонтрКомк вз/к 15kg N1RU;4007,26
;12212334;CAT CHOW FELINE 3IN1 д/кошек 15 кг RU;4007,26
;12118695;CAT CHOW KITTEN Д/Котят 15кг N1;3549,79
;12147057;CAT CHOW SENSITIVE д/кош ЧувстПищ 15кгRU;4007,26
;12147058;CAT CHOW STRLS  сух д/кош15кгN2 RU;4007,26
;12309182;CAT CHOW Д/ВзрКош Птица 15kg N1 RU;3217,04
;12309193;CAT CHOW Д/ВзрКош Утка 15kg N1 RU;3217,04
;12147059;CAT CHOW UTH ЗдорМочП вз/кош 15кг N1 RU;4007,26
;RU PUR Cat Chow 400g;;0,00
;12267403;CAT CHOW FELINE 3IN1 Meat 8x400g RU;135,64
;12267402;CAT CHOW SPCR для вз кошек Конт Обр Ком Шер 400г (8);135,64
;12267386;CAT CHOW KITTEN Д/Котят кур 8x400g RU;120,89
;12267406;CAT CHOW SENSITIVE д/чувст 8x400g RU ;135,64
;12267405;CAT CHOW STERILISED д/стерл 8x400г RU;135,64
;12292070;CAT CHOW ADULT Duck 8x400g RU ;108,81
;12292072;CAT CHOW ADULT Poultry 8x400g RU;108,81
;12267404;CAT CHOW UTH д/моч 8x400г RU;135,64
;12344871;CAT CHOW д/ВзрК Утка 8x400гPR100гFree RU;81,61
;12344884;CAT CHOW стерил ДПтиц 8x400гPR100гFreeRU;101,74
;12344872;CATCHOW д/ВзрК ДПтиц 8x400гPR100гFreeRU;81,61
12439909;12402284;CAT CHOW Стерил 10(400g+85g)PRRU;135,64
;12402239;CAT CHOW д/ВзрК Птица 10(400g+85g)PRRU;108,82
;12402240;CAT CHOW 3в1 Птица 10(400g+85g)PRRU;135,62
;RU PUR Cat Chow 7kg;;0,00
;12392566;CAT CHOW ADULT Птица 7kg RU;1561,34
;12392569;CAT CHOW UTH Птица 7кгRU;1944,85
;12392580;CAT CHOW SENSITIVE ПтицаЛосось 7кг RU;1944,85
;12392564;CAT CHOW KITTEN Птица 7кг RU;1722,84
;12392568;CAT CHOW HAIRBALL CONTROL Птица 7кг RU;1944,85
;12392565;CAT CHOW ADULT Утка 7кг RU;1561,34
;12392567;CAT CHOW FELINE 3IN1 ПтицаИндейка7кг RU;1944,85
;12392545;CAT CHOW STERILISED Птица 7кг RU;1944,85
;RU PUR Cat Chow Wet 85g;;0,00
;12349677;CAT CHOW ADULT GiJ Bf&Abg 24x85g RU;26,39
;12349810;CAT CHOW ADULT GiJ Chkn&Crgt 24x85g RU;26,39
;12349769;CAT CHOW ADULT GiJ Lmb&Grnb 24x85g RU;26,39
;12349811;CAT CHOW Д/ВзрКош ГвЖ Лосось ЗелФас24х85;26,39
;12349389;CAT CHOW Д/Котят ГвЖ Инд&Каб 24x85g XE;26,39
;12403823;CAT CHOW Д/Котят Ягн&Каб соус 24x85g RU;26,39
;12403822;CAT CHOW Д/СтерилКош Кур&Бак соус 24x85g;26,39
;12403813;CAT CHOW Д/СтерилКош Ягн&ЗелФ соус24x85g;26,39
;12403814;CAT CHOW Д/КошСЧувПищ Лос&Каб соус24x85g;26,39
;12404604;CAT CHOW ДПрофКомШер Кур&ЗелФ соус24x85g;26,39
;12404227;CATCHOW ADL GiJ Bf MP12(5x85g)PR4+1RU;105,61
;12404225;CAT CHOW Д/ВзрКош ГвЖ Кур&Каб МП(5x85g);105,61
;12404226;CAT CHOW Д/ВзрКош ГвЖ Ягн&ЗелФ МП(5x85g);105,61
;12404224;CAT CHOW Д/ВзрКош ГвЖ Лос&ЗелФ МП(5x85g);105,61
;12439307;CAT CHOW Взр Кош Ассорти 4+1 (5x85г);105,58
;12439919;CAT CHOW Стер Кош Кур Ягн 4+1 (5x85г);105,58
;PRO PLAN;;0,00
;RU PUR Pro Plan Dry Cat 1.5kg;;0,00
;12369534;PRO PLAN ADULT Cat Д/Кош Курица 6x1.5кг;985,58
;12369714;PRO PLAN Cat д/взр Лосось 6x1.5кг RU;985,58
;12371026;PRO PLAN Cat Элегант д\шер Лосось6х1.5кг;1077,54
;12384646;PRO PLAN Cat д/стер утка&печень 6x1.5кг;1151,30
;12384810;PROPLAN Cat д/стер треска&форель 6x1.5кг;1151,30
12400595, 12403759, 12381815;12369073;PRO PLAN Cat д/стерилиз Индейка 6x1.5кг;1077,54
;12370359;PRO PLANCat Стерил орг/чув Лосось6х1.5кг;1151,30
;12370474;PRO PLAN Cat Стерил чув пищ Кур 6х1.5кг;1151,30
12400592;12369076;PRO PLAN Cat д/стерилиз Кролик 6x1.5кгRU;1077,54
;12400591;PRO PLAN Cat д/стерилиз Лосось 6x1.5кгRU;1077,54
12335891, 12400594, 12369872, 12403790;12400594;PRO PLAN DELICATE Д/К СЧувПищ Инд6x1.5кг;1088,02
;12369850;PRO PLAN Cat д/чув пищев Ягненок 1.5кг (6);1077,54
;12381723;PRO PLAN Cat д/взр 7+ Лосось 6х1.5кг RU;1088,02
;12369004;PPRO PLAN Cat д/стерилиз 7+ Инд 6x1.5кг;1077,54
;12381724;PRO PLAN Cat д/чув пищ 7+ Индейк 1.5кг (6);1077,54
;12422150;PRO PLAN д/стерил котят Лосось 6x1.5кгRU;1037,08
12335892, 12400593, 12403791, 12293286, 12369870;12293286;PRO PLAN Cat д/котят чув пищев инд 6x1.5;1037,08
;12369477;PRO PLAN Cat д/котят Курица 6x1.5кг RU;1037,08
12305888;12400595;PRO PLAN Cat д/стерил Инд 6x1.9кг+400гRU;1077,54
12329000, 12305932;12400594;PRO PLAN Cat д/чув пищ Инд 6х1.9кг+400г;1088,02
;12305930;PRO PLAN Cat д/чув кожи Лос 1.9кг(6)+400г;1077,54
12363327;12400592;PRO PLAN стерилкош Крол 6x(1.5кг+400г)PR;1077,54
;RU PUR Pro Plan Wet Cat 85g;;0,00
12171996;12381706;PRO PLAN ADULT 7+ Д/К с тунцом 24x85г;72,67
;12381814;PROPLAN д/кош чув пищ Инд 24x85г банкаN1;72,67
;12381700;PROPLAN д/кош избыт/вес Инд24x85г банкN1;72,67
;12381705;PRO PLAN STRLS Cat HsCC Smn&Tn 85g (24) RU;72,67
12065833;12381669;PRO PLAN д/взр кош Курица 24x85г банкаN1;72,67
;12381707;PRO PLAN д/котят Курица 24x85г банка N1;72,67
12171997;12381707;PRO PLAN JUNIOR Cat Д/Котят с кур 24x85г;72,67
;12384844;PRO PLAN Baby Ktn Mse Chicken 24x85gRU;72,67
12327971;12363624;PRO PLAN чув+взр Инд/Кур 12(5x85g)PR4+1;290,68
;12281967;PRO PLAN STERILISED Cat HsCCSmn&Tn 85г*5 (12) PR4+1 RU;290,68
;RU PUR Pro Plan Wet Cat Alupouch 85g;;#Н/Д
;12287095;PRO PLAN Cat д/взр CiJ Ягнен 24x85г пауч ;53,44
;12287208;PRO PLAN Cat д/домашн кош CiJ ИНД 24x85г ;53,44
;12249431;PRO PLAN DLCT Д/КошЧувПищ Инд 24x85гр RU;53,44
;12249246;PRO PLAN DTEД/КошЧувПищОкРыб24x85грRU;53,44
;12249425;PRO PLAN HSCT Д/ДомКош Лос 24x85гр RU;53,44
;12238547;PRO PLAN JUNIOR Д/КотятИндейка24x85гр RU;53,44
;12249441;PRO PLAN STRL Д/СтерКош Говяд 24x85гр RU;53,44
;12249432;PRO PLAN STRL Д/СтерКош Куриц 24x85гр RU;53,44
;12305655;PRO PLAN DELICATE Cat GiG Lamb 24x85g RU;53,44
;12305656;PRO PLAN JUNIOR Cat GiG Beef 24x85g RU;53,44
;12305886;PRO PLAN STERILISED Cat GiG Duck24x85gRU;53,44
;12305887;PRO PLAN STERILISED Cat GiGOFish24x85gRU;53,44
;12286804;PRO PLAN Cat д/взр CiJ Инд 24x85г паучRU;53,44
;12287047;PRO PLAN Cat д/стерилиз CiJ Инд 24x85гRU;53,44
;12287087;PRO PLAN Cat д/котятCiJ Кур 24x85г пауч;53,44
;12342497;PRO PLAN д/взр кош 7+ Индей/соус24x85гRU;53,44
;12342770;PRO PLAN д/взр кош Утка/соус 24x85гRU;53,44
;12342771;PRO PLAN д/кош Дерма+ Треск/соус24x85гRU;53,44
;12287097;PRO PLAN Cat д/стерилиз CiJ Океан 24x85г;53,44
;12328130;PRO PLAN д/котят инд + гов GiG 12(5x85g);213,79
;12328131;PRO PLAN чув пищ Инд+ягн GiG 12(5x85);213,79
;12363627;PRO PLAN д/взр Инд/Ягнен 12(5x85g)PR4+1;213,79
;12363626;PRO PLAN д/стер Инд/Говяд 12(5x85g)PR4+1;213,79
;12363625;PRO PLAN д/стер Кур/Утка 12(5x85g)PR4+1;213,79
;12418802;PRPNDTE GiGMVChkn&Lmb3 8(4x85g+200g)PRRU;213,76
;12418776;PRPNSTRLSMVChkn&Trky10 8(4x85g+200g)PRRU;213,76
;RU PUR Pro Plan Cat BioDefense 400g;;0,00
;12384839;PPC ActiProtect д/стерил кош Инд 400грRU;325,18
;12384835;PPC ActiProtect д/котят Инд 400гRU;325,18
;RU PUR Pro Plan Cat BioDefense 1,5kg;;0,00
;12384965;PPC ActiProtect д/стерил кош 7+ Инд 1,5к;1150,80
;12384836;PPC ActiProtect д/котят Инд 1,5кгRU;1150,80
;12384837;PPC ActiProtect д/стерил кош Лос 1,5кгRU;1150,80
;12384963;PPC ActiProtect д/стерил кош Инд 1,5кгRU;1150,80
;RU PUR Pro Plan Cat BioDefense 3kg;;0,00
;12384838;PPC ActiProtect д/стерил кош Лос 3кгRU;2160,96
;12384964;PPC ActiProtect д/стерил кош Инд 3кгRU;2160,96
;RU PUR ProPlan Dry Cat 3kg;;0,00
;12369717;PRO PLAN Cat д/взр Лосось 4x3кг RU;1813,76
;12369795;PRO PLAN Cat д/взр Курица 4x3кг RU;1813,76
;12384647;PRO PLAN Cat д/стер утка&печень 4x3кгRU;2161,69
;12384812;PRO PLAN Cat д/стер треска&форель 4x3кг;2161,69
12381683;12369003;PRO PLAN Cat д/стерил 7+ Индейка 4x3кгRU;2023,63
12381680;12369083;PRO PLAN Cat д/стерилиз Кролик 4x3кг RU;2023,63
;12370370;PRO PLAN Cat Стерил орг/чув Лосось 4х3кг;2161,69
;12369930;PRPN STERILISED Cat Д/СтерК Инд 4x3кг;2023,63
;12370522;PRO PLAN Cat Стерил чув пищ Кур 4х3кг;2161,69
12381681;12369079;PRO PLAN Cat д/стерилиз Лосось 4x3кг RU;2023,63
12360978;12369871;PRO PLAN Cat д/чув пищев Индейка 4х3кг;2023,63
;12381691;PRO PLAN Cat д/чув пищ 7+ Индейка 4х3кг;2023,63
12381690, 12322751;12370580;PRO PLAN Cat д/чув пищев Ягненок 4x3кгRU;2023,63
;12369531;PRO PLAN JUNIOR Cat Д/КотятКурица4x3кг;1929,07
;12422148;PRO PLAN д/стерил котят Лосось 4x3кг RU;1929,07
;12369818;PRO PLAN Cat д/котят чув пищев инд 4x3кг;1929,07
12360896;12400651;PRPN STRLS Cat Rbt 4x3kgPR600gFree19RU;1618,90
;12400652;PRPN STRLS Cat Trky 4x3kgPR600gFree19RU;1618,90
;RU PUR ProPlan Dry Cat 200g;;0,00
;12396675;PRO PLAN Cat д/чув пищев Индейк 10x200г;153,72
;12396663;PRO PLAN Cat д/стерил Кролик 10x200г RU;153,72
;12396643;PRO PLAN Cat д/стерил Индейка 10x200г RU;153,72
;12396664;PRO PLAN Cat д/котят чув пищ.инд 10x200g;149,38
;12396625;PRO PLAN Cat д/котят Курица 10x200g RU;149,38
;RU PUR ProPlan Dry Cat 400g;;0,00
;12372559;PRO PLAN Cat д/взр Курица 8x400г RU;281,15
;12372590;PRO PLAN Cat Элегант д\шер.Лосось 8х400г;304,51
12372505;12444208;PRO PLAN Cat д/взр Лосось 8x400г XE;281,15
;12384807;PRO PLAN Cat д/стер утка&печень 8x400гRU;325,71
;12384806;PRO PLAN Cat д/стер треска&форель 8x400г;325,71
;12372567;PRO PLANCat Стерил орг/чув Лосось 8х400г;325,71
;12372469;PRO PLAN Cat Стерил чув пищ Кур 8х400г;325,71
;12372600;PRO PLAN Cat д/стерилиз Лосось 8x400г;304,51
;12371753;PRO PLAN Cat д/стерилиз Индейка 8x400гRU;304,51
12335903;12371754;PRO PLAN Cat д/стерилиз Кролик 8x400г RU;304,51
;12372564;PRO PLAN Cat Лайт низ.кал Индейка 8х400г;304,51
12322752;12372563;PRO PLAN д/кош ЧувП Ягненок 8x400г XG;304,51
12335899, 12372585, 12172031;12372568;PRO PLAN д/кош чув/пищ Индейка 8х400гXG;295,92
;12372503;PRO PLAN Cat д/взр 7+ Лосось 8x400г XE;304,51
12444372;12372468;PRO PLAN Cat д/чув пищ 7+ Индейка 8х400г;304,51
;12372504;PRO PLAN Cat д/стерил 7+ Индейка 8x400г;304,51
;12422152;PRO PLAN д/стерил котят Лосось 8x400гRU;295,92
12335902, 12400653;12372569;PRO PLAN д/котят Курица 8x400г XG;295,92
12293287, 12335898, 12348009;12372568;PRO PLAN Cat д/котят чув пищев инд 8x400;295,92
;12400653;PRPN ORIGINALKtnChkn8x800gPR400gFree19RU;295,92
;12400649;PRPN DTEJNR Cat Trky8x800gPR400gFree19RU;295,92
12395883;12402132;PRPN Cat д/стерил Инд 10(400г+2х85г)PRRU;304,51
;12402130;PRO PLAN DTE Индейка 10(400г+2х85r) PRRU;304,51
;12402119;PRPN DTE Д/котят Инд 10(400г+2х85г) PRRU;295,92
12395883;12395883;PRPN DTE Kitten Trky 8x400gPR100FreeRU19;215,47
12348294;12348294;PRPN д/кош/чув/пищ Инд8x400гPR100гFreeRU;219,61
12372585;12395852;PRPN DTE Cat Turkey 8x400gPR100gFreeRU19;292,80
;12328108;PRO PLAN д/котят чув пищев Инд10(400g+85г);276,25
;12274632;PRO PLAN чувст/пищ Инд10(400г+85г) PR;292,80
;12395855;PRPN STRLS Cat Smn 8x400gPR100FreeRU19;219,61
12348030;12395854;PRPN STRLS Cat Trky 8x400gPR100FreeRU19;219,61
12348031;12395853;PRPN STRLS Cat Rbt 8x400g PR100gFreeRU19;219,61
;RU PUR ProPlan Dry Cat 7.5 - 15kg;;0,00
;12419111;PRO PLAN Котята Стерилиз Лосось 10кг;5478,80
12391016;12391016;PRO PLAN Cat д/взр Лосось 10кг XE;5037,33
;12391018;PRO PLAN Cat д/взр Курица 10кг XE;5037,33
;12384815;PRO PLAN Cat д/стер утка&печень 10кгRU;5761,35
;12384814;PRO PLAN Cat д/стер треска&форель 10кг;5761,35
12391014;12369005;PRO PLAN Cat д/стерилиз Кролик 10кг;5271,55
12370351;12391138;PRO PLAN Cat Стерил орг/чув Лосось 10кг;5761,35
12370499;12391139;PRO PLAN Cat Стерил чув пищ Кур 10кг;5761,35
12369001, 12171891;12390976;PRO PLAN Cat д/стерилиз Индейка 10кг;5271,55
;12390974;PRO PLAN Cat д/стерилиз Лосось 10кг;5271,55
12369711;12391015;PRO PLAN д/стерилиз кош 7+ Индейка 10кг ;5271,55
12391019;12391832;PRO PLAN Cat д/чув пищев Индейка 10кг;5271,55
12372508;12391030;PRO PLAN д/кош ЧувПищ Ягненок 10кгRU;5271,55
;12391031;PRO PLAN Cat Элегант д\шер. Лосось 10кг;5271,55
;12395536;PRO PLAN Cat д/котят чув пищев инд 10кг;5425,10
12369479;12391017;PRO PLAN Cat д/котят Куриц 10кг XE;5478,80
12338053;12391833;PRO PLAN STRLS Cat Rbt 10kg PR+2kg N1 XE;5271,55
12337838;12391834;PRO PLAN д/стерил/кош Лосось 12кгPR+2кгXE;5271,55
12333655;12353661;PRO PLAN д/стерил/кош/Индей 12кгPR+2кгXE;5271,55
;12391816;PRPN Cat д/котят чув пищ Инд 12кг 10+2кг;5478,80
;RU PUR ProPlan Dry Cat 7kg;;0,00
;12392559;PRO PLAN Cat д/котят Куриц 7кг RU;4103,46
;12392645;PRO PLAN Cat д/котят чув пищев Инд 7кгRU;4103,46
12392650;12401968;PRO PLAN Cat д/чув пищев Индейка 7кг RU;3987,32
;12392652;PRO PLAN Cat д/взр Курица 7кг RU;3563,39
;12392651;PRO PLAN Cat д/чув пищев Ягненок 7кг RU;3987,32
12392617;12401971;PRO PLAN Cat д/стерилиз Индейка 7кг RU;3987,32
12392618;12401966;PRO PLAN Cat д/стерилиз Кролик 7кг RU;3987,32
12392619;12401967;PRO PLAN Cat д/стерилиз Лосось 7кг RU;3987,32
;RU PUR ProPlan Dry Cat LiveClear;;0,00
;12424837;PRO PLAN LIVECLEAR Cat StrlsTky4x2,8kgRU;2568,05
;12424870;PRO PLAN LiveClear Ktn Dte Trky6x1,4kgRU;1373,17
;12425127;PRO PLAN LIVECLEAR StrlsAdt Smn6x1,4kgRU;1373,17
;12425107;PRO PLAN LiveClearStrlsAdtTrky6x1,4kgRU;1373,17
;12425128;PRPN Live Clear Strls Adt7+Trky6x1,4kgRU;1373,17
;RU PUR PVD Dry Cat 1.5kg;;0,00
;12278417;PPVD FELINE DH 4x1kg RU;877,05
;12382617;PPVD д/кош HP при забол.печени 4x1.5кг m;1477,80
;12381563;PPVD FELINE DM 4x1.5kg RU;1423,53
;12382848;PPVD FELINE EN 4x1.5kg RU;1437,74
;12382618;PPVD FELINE HA 4x1.3kg N1 RU;1433,06
12382830;12274444;PPVD FELINE NF 4x1.5kg RU;1449,38
;12382837;PPVD FELINE OM 4x1.5kg RU;1449,38
12382843;12274496;PPVD FELINE UR Chicken 4x1.5kg RU;1237,87
;12382615;PPVD FELINE UR Ocean Fish 4x1.5kg RU;1237,87
;12440049;PPVD FELINE UR Chkn 6(1.5kg+3x85g)PRRU;1237,87
;12439930;PPVD FELINE EN Chkn 6(1.5kg+3x85g)PRRU;1437,74
;RU PUR PVD Dry Cat 325-400g;;0,00
;12382818;PPVD FELINE NF 6x350g RU;394,85
;12381567;PPVD FELINE EN 6x400g RU;425,83
;12382834;PPVD FELINE OM 6x350g RU;394,85
12274134;12381565;PPVD FELINE HA 6x325g RU;429,81
;12382840;PPVD FELINE UR Chicken 6x350g RU;377,32
12274133;12382846;PPVD FELINE UR Ocean Fish 6x350g RU;377,32
;RU PUR PVD FORTIFLORA 30g;;0,00
;12274698;PPVD д/кош кормДобавка 30x1г;1507,73
;12274760;PPVD д/соб кормДобавка 30x1г;1507,73
;RU PUR PVD Wet Cat 195g;;0,00
;12381645;PPVD CANINE & FELINE CN Mse 195g (24) N1 RU;141,90
12381678;12275696;PPVD FELINE DM Mousse 24x195g RU;150,42
;12381646;PPVD FELINE EN Mousse 24x195g RU;150,42
;12381647;PPVD FELINE NF Mousse 24x195g RU;150,42
;12381644;PPVD FELINE UR Mousse Turkey 24x195g RU;150,42
;RU PUR PVD Wet Cat Vet 85g;;0,00
;12381676;PPVD д/к пауч EN п/нар.пищ.Лос 4(10x85г);71,08
;12381675;PPVD д/к пауч EN п/нар.пищ.Кур 4(10x85г);71,08
12308817;12381672;PPVD FELINE DM CiG Beef 4(10x85g) RU;71,08
;12278222;PPVD д/к пауч DM при диабете.кур 10x85г;71,08
12381674;12308819;PPVD д/к пауч OM при ожирении Кур 10x85г;71,08
;12278375;PPVD д/к пауч NF при заб.поч.кур 10x85г;71,08
;12278452;PPVD д/к пауч NF при заб.поч.лос 10x85г;71,08
12308818;12381673;PPVD FELINE UR CiG Chicken 85г (4*10) RU;71,08
12308816;12381671;PPVD FELINE UR CiG Salmon 4(10x85g) RU;71,08
;12439763;PPVD Кош Заб Моч Сист Курица (5x85г)PRRU;284,29
;12439764;PPVD Кош Наруш Пищ Курица (5x85г)PRRU;284,29
;DOG CHOW;;0,00
;RU PUR Dog Chow 14kg;;0,00
12308572;12364513;DOG CHOW Д/взр/соб Ягненок 14кг N3 RU;2317,17
;12364396;DOG CHOW Д/взр/соб Курица 14кг N2 RU;2317,17
12308566;12364496;DOG CHOW SENSITIVE Salmon 14kg N2 RU;2558,13
;12308571;DOG CHOW Д/взр/соб Курица 14kg N1 RU;2317,17
;12364488;DOG CHOW ACTIVE Chicken 14kg N2 RU;2558,13
12308568;12364863;DOG CHOW Д/ВзрСоб Круп/Пор Инд 14кгN2RU;2558,13
12308570;12364493;DOG CHOW д/взр/соб/5 лет Ягн 14кг N3 RU;2317,17
;12308569;DOG CHOW д/взр/соб от 5 лет Кур 14kg N1;2317,17
;12364491;DOG CHOW д/стар/соб/9лет Ягненок 14kg N2 RU RU;2558,13
;12364494;DOG CHOW Д/Щен Курица 14kg N1 RU;2558,13
12308575;12364495;DOG CHOW Д/щен Ягненок 14кг N3 RU;2558,13
12308573;12364492;DOG CHOW Д/щен крупн/пор Инд 14кгN2RU;2558,13
;RU PUR Dog Chow 2.5kg;;0,00
12308781;12364517;DOG CHOW д/взр/соб от 5 лет Ягн4х2.5кгRU;532,67
;12364512;DOG CHOW д/стар/соб/9летЯгн 4x2.5kgN2 RU;587,41
;12364519;DOG CHOW д/взр/соб Ягн 4x2.5кг N2 RU;532,67
12308786;12364530;DOG CHOW д/взр/соб Цыпл 2.5кг (4) N1 RU;532,67
;12364866;DOG CHOW д/взр соб мелк/пор Кур4x2.5kgRU;612,58
;12364511;DOG CHOW SENSITIVE Salmon 4x2.5kg N2 RU;587,41
12364518;12308767;DOG CHOW ADULT LARGE BREED Trky4x2.5kgRU;587,41
12364510;12364516;DOG CHOW PUPPY Chicken 4x2.5kg RU;587,41
12364515;12308784;DOG CHOW PUPPY Lamb 4x2.5kg N1 RU;587,41
12308766;12364514;DOGCHOWд/щенкрупн/порИндейка 2.5кг (4) nN1RU;587,41
;12400596;DOGCHOW SENS Smn4x2.5kgPR500gFree19RU;469,93
;12400630;DOGCHOW PPYLRBDTrky4x2.5kgPR500gFr19RU;469,93
;12400599;DOGCHOW PPY Lmb 4x2.5kgPR500gFree19RU;469,93
;12400598;DOGCHOW ADT Lmb 4x2.5kgPR500gFree19RU;426,14
;12400597;DOGCHOW ADLLRBDTrky4x2.5kgPR500gFr19RU;469,93
;RU PUR Dog Chow 800g;;0,00
;12365140;DOG CHOW д/взр соб мелк/пор Кур 8x800gRU;206,80
;12379169;DOG CHOW ADULT Lamb 8x800g N1 RU;179,81
;12276248;DOG CHOW д/зрел взр соб Ягненок 8х800гRU;179,81
;12365139;DOG CHOW д/чувст собак лосось 8х800г RU;206,80
12275159;12365138;DOG CHOW д/щен мелк/пор Кур 8x800gN1RU;206,80
12379168;12379168;DOG CHOW PUPPY Д/Щенков Ягненок 800гр (8);206,80
;PRO PLAN;;0,00
;RU PUR Pro Plan Dog паучи 100g;;0,00
;12384239;PRO PLAN Dog взрослые говядина 24x100гRU;53,28
;12384240;PRO PLAN Dog взрослые курица 24x100г RU;53,28
;12384238;PRO PLAN Dog взрослые утка 24x100гRU;53,28
;12384356;PRO PLAN Dog контрольвесакурица24x100гRU;53,28
;12384355;PRO PLAN Dog чув/пищ лосось 24x100гRU;53,28
;RU PUR Pro Plan Dry Dog GrainFr 12кг;;0,00
;12399415;PPD СрВзрП ЧувПищ Инд GrainFr 12кг;4095,47
;RU PUR Pro Plan Dry Dog GrainFr 7кг;;0,00
;12399413;PPD Взр СредП ЧувПищ Инд GrainFrеe 7кг;2722,90
;12399414;PPD МалП ЧувПищ Инд GrainFree 7кг;2722,90
;RU PUR Pro Plan Dry Dog GrainFr  2.5kg;;0,00
;12384816;PPD ВзрСрП ЧувПищ Инд GrainFree 4х2.5кг;1241,85
;12384758;PPD МалП ЧувПищ Инд GrainFree 4х2.5кг;1241,85
;RU PUR Pro Plan Dry Dog GrainFr  700gr;;0,00
;12384752;PPD ВзрМалП ЧувПищ Инд GrainFree 4x700г;408,08
;RU PUR Pro Plan Dry Dog 12 - 16.5 kg;;0,00
12272431;12367290;PRO PLAN DOG Щен/КрПМощТел Курица 12кг;4030,29
12366971;12272432;PRO PLAN д/щен кр пор спор кур&ри 12кгXE;4030,29
12367294;12272434;PRO PLAN д/щен ср пород кур 12кг XE;4098,60
12272433;12367295;PRO PLAN DOG Щен/СрП ЧувКож Лос12кг;4098,60
12278095;12366981;PRO PLAN DOG Щен/СрП ЧувПищ Ягн12кг;4098,60
123755525;12375525;PRO PLAN DOG Взр/ВсехП Лайт Кур 14кг XE;4524,85
12272437;12366979;PRO PLAN DOG Взр/КрПАтлет Курица 14кг;4030,29
12294638;12366945;PRO PLAN DOG Взр/КрПАтлет ЧувПищ Ягн 14к;4524,85
12294770;12377392;PRO PLAN DOG Взр/КрПАтл ЧувКож Лос14кг ХЕ;4524,85
12294793;12377394;PRO PLAN DOG Взр/КрМощТел ЧувКож Лос14кг;4524,85
12294786;12377395;PRO PLAN DOG Взр/КрПМощТел ЧувПищ Ягн 14;4524,85
12367260;12272436;PRO PLAN д/вз кр пор мощ тел кур 14кгXE;4030,29
12278096;12366972;PRO PLAN DOG Взр/СрП ЧувПищ Ягн 14кг;4524,85
12272439;12367257;PRO PLAN DOG Взр/СрП Курица 14кг;4030,29
12272547;12392238;PRO PLAN DOG Взр/СрП7+ ЧувКож Лос14кг XE;4524,85
12272557;12392236;PRO PLAN DOG Взр/СрКрП 7+ Курица 14кг XE;4524,85
12367239;12272438;PRO PLAN DOG Взр/СрП ЧувКож Лос 14кг XE;4524,85
12272570;12366948;PRO PLAN DOG Взр/ВсеП Актив Кур 14кг XE;4524,85
;12294795;PRPN LRGROTADLStveDogSmn16.5kgPR+2.5kgXE;4001,59
;12272466;PRPN д/вз кр мщтел кур&ри16,5PR+2,5кгRU;3601,43
;12272460;PRO PLAN д/щен ср пор кур&ри 14кгPR+ 2XE ;3706,94
12398185;12365631;PRO PLAN DOG Взр/КрМощТел Кур 12+2кгPR;3539,81
;12365459;PRO PLAN DOG Взр/СрП Курица 12+2кгPR;3539,81
12398182;12365630;PRO PLAN DOG Взр/КрП Атл Кур 12+2кгPR;3539,81
;12365632;PRO PLAN DOG Взр/СрП ЧувПищ Ягн 12+2кгPR;3757,05
;12398183;Pro Plan Dog Взр/СрП ЧувКож Ягн 14кг+2кг;3869,76
;12398180;PRPNDog Взр/КрМощТел ЧувПищ ягн 14кг+2кг;3869,76
;12365652;PRO PLAN DOG Взр/СрП ЧувКож Лос 12+2кгPR;3757,05
;12272392;PRO PLAN DOG ВзрСрП ЧувКож Лос 14+2.5кг;4001,59
;12365638;PRO PLAN DOG Взр/КрПАтл ЧувПищ Ягн12+2кг;3757,05
;12398184;PRPNMEDADLStveSknDogSmn14kgPR2kgFreeN1RU;3869,76
;RU PUR Pro Plan Dry Dog 7.5 kg;;0,00
12398374;12278923;PRO PLAN д/взр ср пор чувпищ ягн 7кгRU;2431,84
12272564;12377413;PRO PLAN DOG Взр/СрП Курица 7кг;2170,55
12377417;12272563;PRPN д/ср вз соб чув кож лос&рис 7кгXE;2431,84
12278941;12398375;PRO PLAN DOG Взр/МелП ЧувПищ Ягн 7кгN1RU;2500,15
12392233;12272581;PRPN д/мел&кар взр чув кожлос&рис 7кгXE;2500,15
;12367238;PRO PLAN DOG Взр/МелП Курица 7кг;2415,44
;12272582;PRO PLAN д/мел пор взр кур&рис 7кгXE;2600,15
;12392131;PRO PLAN д/щен мел кар кур&рис 7кг XE;2699,61
;RU PUR Pro Plan Dog BioDefense 10kg;;0,00
;12384497;PPD ActiProtect Взр/СрП Куриц 10кгRU;3787,22
;12384605;PPD ActiProtect Взр/СрП ЧувПищЯгн 10кгRU;3787,22
;12384498;PPD ActiProtect Взр/СрП ЧувКожЛос 10кгRU;3787,22
;12384606;PPD ActiProtect Взр/СрП СтерилКур 10кгRU;3787,22
;RU PUR Pro Plan Dry Dog DuoDelice 10kg;;0,00
12340483;12386306;PRPN DUO DELICE Д/ВзрСоб ГовядРис 10 кг;3546,11
12202615;12414088;PRO PLAN DuoDelice Взр Лосось 10кг;3546,11
12176333;12340482;PRPN DUO DELICE Д/ВзрСоб КурРис 10кг;3546,11
;RU PUR Pro Plan Dry Dog DuoDelice 2.5kg;;0,00
;12414092;PROPLAN DuoDelice Взр/МелП Гвяд4х2.5кгRU;1196,11
;12251961;PRPN DUO DELICE SmlAdtDogSmn&Ri4x2.5kgDE;1196,11
12340493, 12386266;12386266;PRPN DUO DELICE Д/ВзрСоб ГовядРис4x2.5кг;1111,68
12340478;12340478;PRPN DUO DELICE Д/ВзрСоб КурРис 4x2.5кг;1111,68
;12340494;PRO PLAN DuoDelice Взр/МелП Кур4х2.5кгRU;1196,11
12202613;12413617;PRO PLAN DuoDelice Взр Лосось 4х2.5кг;1111,68
;12251945;PRPN DUODELICE SmlAdt Dog Bf&Ri4x2.5kgDE;1079,30
12340478;12251941;PRPN DUODELICE SmlAdtDogChkn&Ri4x2.5kgDE;1079,30
;RU PUR Pro Plan Dry Dog DuoDelice 700g;;0,00
"12340410, 12202610, 12251943
";12414091;PRO PLAN DuoDelice Взр/МелП Гвяд 8х700г;369,02
12202611, 12251947;12413360;PRO PLAN DuoDelice Взр/МелП Лосос 8х700г;369,02
12250000, 12176335;12340504;PRO PLAN DuoDelice Взр/МелП Кур 8х700гRU;369,02
12386133, 12381805;12202610;PRPN DUO DELICE Д/ВзрСоб ГовядРис 8x700г;369,02
;12176335;PRPN DUO DELICE Д/ВзрСоб КурРис 8x700г;369,02
;RU PUR Pro Plan Dog NaturalElement 2 kg;;0,00
;12384828;PPD NATUR EL Взр МелкП Ягн 6x2кг;997,33
;12384832;PPD NATUR EL Взр Сред/КрП Лосось 6x2кг;888,03
;12384834;PPD NATUR EL Взр Сред/КрП Ягн 6x2кг;888,03
;12384826;PPD NATUR EL ВзрМелкП Лосось 6x2кг;945,41
;12384818;PPD NATUREL Щен МелкиеПор Ягн 6x2кг;997,33
;12384820;PRPNNATUREELEMENTS Щен Сред/КрП Ягн6x2кг;888,03
;RU PUR Pro Plan Dog NaturalElement 7 kg;;0,00
;12383330;PPD NATUR EL Взр МелкП Ягн 7кг XE;2662,39
;12383329;PPD NATUR EL Взр МелкП Лосось 7кг XE;2662,39
;RU PUR Pro Plan Dog NaturalElement 10kg;;0,00
;12383364;PPD NATUR EL Взр Сред/КрП Лосось 10кг XE;3342,07
;12383368;PPD NATUR EL Взр Сред/КрП Ягн 10кг XE;3342,07
;12383299;PPD NATUR EL Щен Сред/КрП Ягн 10кг XE;3682,60
;RU PUR Pro Plan Dog NaturalElement 700g;;0,00
;12384819;PPD NATUREL Щен Сред/КрП Ягн 8x700g;341,55
;12384827;PPD NATUR EL Взр МелкП Ягн 8x700г;396,20
;12384831;PPD NATUR EL Взр Сред/КрП Лосось 8x700г;341,55
;12384833;PPD NATUR EL Взр Сред/КрП Ягн 8x700г;341,55
;12384825;PPD NATUR EL ВзрМелкП Лосось 8x700г;396,20
;12384819;PPD NATUREL Щен Сред/КрП Ягн 8x700g;341,55
;12384817;PPD NATUREL ЩенМелкП Ягн 8x700г;396,20
;RU PUR Pro Plan Dog BioDefense 700g;;0,00
;12384840;PPD ActiProtect Щен/МелП Ягнен 700гRU;404,26
;12385091;PPD ActiProtect Щен/СрП Ягнен 700гRU;404,26
;RU PUR Pro Plan Dog BioDefense 1,5kg;;0,00
;12385079;PPD ActiProtect Взр/МелП ЧувКожЛос 1,5кг;779,51
;12385047;PPD ActiProtect Взр/МелП Куриц 1,5кгRU;779,51
;RU PUR Pro Plan Dog BioDefense 3kg;;0,00
;12385124;PPD ActiProtect Взр/СрП 7+ Куриц 3кгRU;1457,74
;12385049;PPD ActiProtect Щен/СрП Ягнен 3кгRU;1457,74
;12385076;PPD ActiProtect Щен/МелП Ягнен 3кгRU;1457,74
;12385122;PPD ActiProtect Взр/СрП ЧувПищ Ягн 3кгRU;1457,74
;12385121;PPD ActiProtect Взр/СрП ЧувКож Лос 3кгRU;1457,74
;12385123;PPD ActiProtect Взр/СрП Стерил Кур 3кгRU;1457,74
;12385120;PPD ActiProtect Взр/СрП Куриц 3кгRU;1457,74
;12385090;PPD ActiProtect Взр/МелП ЧувКожЛос 3кгRU;1457,74
;12385048;PPD ActiProtect Взр/МелП Куриц 3кгRU;1457,74
;RU PUR ProPlan Dry Dog 1,5kg;;0,00
12350207, 12335907;12278110;PRPN д/вз српор чувпищ ягн&ри 6х1.5кгRU;689,52
12272385;12350179;PRO PLAN д/ср взр соб кур 6х1.5кг RU;614,79
;12272386;PRO PLAN д/ср взр чув кож лос 6х1.5кг RU;689,52
12350208;12272270;PRO PLAN д/ср щенков кур 6х1.5кг RU;717,66
12322758;12272384;PRO PLAN д/ср щен чув кож лос 6х1.5кг RU;717,66
12350210;12278111;PRPN д/ср щен чув пищ ягн&рис 6х1.5кгRU;717,66
;RU PUR ProPlan Dry Dog 18 - 20kg;;0,00
12272554;12366947;PRPN Д/вз любрзм Акт раб Кур&рис 18кгXE;5656,07
12294792;12377396;PRO PLAN DOG Взр/КрП ЧувКож Лос 18кг XE;5656,07
12294788;12377399;PRO PLAN LRGROTADL Stve Dog Lamb 18kg RU;5656,07
12272388;12367258;PRO PLAN д/вз кр пор мощ тел кур 18кгRU;4991,48
12294768;12377393;PRO PLAN DOG Взр/КрАтл ЧувКож Лос 18кгXE;5656,07
12272387;12366970;PRO PLAN д/вз кр пор спор кур 18kg XE;4991,48
12294639;12366980;PRO PLAN DOG Взр/КрПАтлет ЧувПищ Ягн 18к;5656,07
12272463;12367292;PRO PLAN д/ВзС Ср пор ЧувКожЛос 18кг XE;5656,07
;12366974;PRO PLAN DOG Взр/СрП ЧувПищ Ягн 18кг;5656,07
12278341;12366974;PRO PLAN д/взр ср пор чувпищ ягн 18кг RU;5656,07
12272464;12367265;PRO PLAN д/Взр ср пор Кур&рис 18кг XE;4991,48
12272462;12366949;PRO PLAN д/щен кр пор спор кур 18кг XE;5585,37
12272461;12367291;PRO PLAN д/щен КрпПор мощ тел Кур18кг RU;5585,37
12278097;12367255;PRO PLAN DOG Щен/СрП ЧувПищ Ягн 18кг;5585,37
12272389;12367293;PRO PLAN DOG Щен/СрП Курица 18кг;5585,37
12272465;12367304;PRPN д/щен ср пр чувкож лос&рис 18кгXE;5585,37
;RU PUR ProPlan Dry Dog 3kg;;0,00
;12272618;PRPLN д/вз соб вс пор лег кур&ри 4х3кгXE;1250,07
;12294785;PRO PLAN LRGROTADL StveDogLamb 4x3kg RU ;1287,58
;12272383;PRO PLAN д/вз крсб мощтел кур&ри 4х3кгRU;1114,82
;12294634;PRO PLAN д/взр КрАтлПор чувпищ ягн 4х3кг ;1250,07
;12272234;PRO PLAN д/вз кр пород спор кур 4х3кгRU;1114,82
12272681;12381688;PRO PLAN DOG ВзрСрКрП 7+ Курица 4х3кг RU;1287,58
12272683;12381689;PRPLN д/србол взсоб7+чувкожлос&ри4х3кгXE ;1287,58
12443863;12272212;PRO PLAN DOG Взр/СрП Курица 4х3кг;1114,82
12450113;12278098;PRO PLAN DOG Взр/СрП ЧувПищ Ягн 4х3кг;1287,58
12272211;12443865;PRO PLAN DOG Взр/СрП ЧувКож Лосось 4х3кг;1287,58
12444210;12272215;PRO PLAN DOG ВзрМелП ЧувКож Лос 4x3кг;1420,85
;12324754;PRPN с/вз/мел/пор ЧувПищ Лос 4x3кгPRRU;1186,41
12272216;12444212;PRO PLAN д/взр мелкар кур&рис 4х3кг RU;1366,20
;12377365;PRO PLAN DOG ВзрМелкП Лайт Курица 3кг (4);1366,20
;12278062;PRO PLAN д/взр мелкар чувпищ ягн 4х3гRU;1420,85
;12272210;PRPN д/щен кр пор спор кур&рис 4х3кгXE;1330,28
12443418;12272200;PRO PLAN д/кр щен мощтел кур&рис 4x3кгXE;1330,28
12444308;12272214;PRO PLAN Соб Щен СредПор Курица 4х3кг;1270,57
12450114;12278099;PRO PLAN DOG ЩенСрП ЧувПищ Ягн 4х3кг;1330,28
12450119;12272213;PRO PLAN д/ср щен чувкож лос&рис 4х3кгRU;1330,28
12272619;12381687;PRPLN д/мел кар щен чувкож лос&рис 4х3кг;1434,51
12444361;12444361;PRO PLAN д/мел кар щен кур&рис 4х3кг RU;1434,51
;12362988;PRO PLAN DOG ВзрМелП Кур 2.5+500г ПРОМО;1140,78
;12324775;PRO PLAN DOG ВзрМелП ЧувПищ Ягн 2.5+500г;1186,41
;RU PUR ProPlan Dry Dog 700 - 800g;;0,00
12350217;12272470;PRO PLAN д/мел кар взр9+кур&ри 8х700гRU ;368,87
12350213;12278061;PRO PLAN д/вз мелкар чвпщ яг&рис8х700гRU;368,87
12444419;12272469;PRO PLAN DOG Взр/МелП ЧувК Лос 8х700г;368,87
12444356;12272468;PRPN SMLMNADL д/взрсоб кур&рис 8х700гRU ;368,87
12350216, 12444346;12272382;PRO PLAN д/мел кар щен кур&рис 8х700г RU;389,37
12350214, 12272460;12444207;PRO PLAN DOG Щен/МелП ЧувК Лос 8х700г;389,37
;12335896;PRO PLAN д/щен МелкП КурРис 500+200 PR;266,41
12444207;12335895;PRO PLAN д/щен МелП/ЧКож Лос 500+200г PR;266,41
;12335894;PRO PLAN взр/соб МелП ЧувПищЯгн 500+200г;251,78
;12441188;PRO PLAN СВзМелПЧувК Лос 8x(700г+100г)ПР;368,87
;12441005;PRO PLAN СВзМелПЧувП Ягн 8x(700г+100г)ПР;368,87
;12441016;PRO PLAN СобВзрМелП Кур 8x(700г+100г)ПР;368,87
;PRO PLAN VETERINARY DIETS;;0,00
;RU PUR PVD Dry Dog 12kg;;0,00
12274135;12382569;PPVD CANINE DRM 12kg RU;7110,84
12274131;12395180;PPVD CANINE EN 12kg RU;6775,32
12274205;12381792;PPVD CANINE JM 12kg RU;7500,94
;RU PUR PVD Dry Dog 3kg;;0,00
12274254;12382612;PPVD д/соб DRM при дерматозах 2x3кг m;2305,21
12274252;12413649;PPVD CANINE HA 2x3kg RU;2597,84
12274656;12382536;PPVD CANINE EN 5kg RU;3534,52
12274440;12381794;PRO PLAN DOG JM при забол суст 2х3кг;2283,26
12413644;12338910;PPVD д/соб NC поддерж.функц.мозга 2x3кг;2546,92
12382604;12274255;PPVD CANINE NF 2x3kg RU;2195,44
12274975;12382603;PPVD CANINE HP 2x3kg N1 RU;2305,21
12382621;12274406;PPVD CANINE UR 2x3kg RU;2195,44
12274407;12382606;PPVD д/соб OM при ожирении 2x3кг m;2305,21
12274154;12382570;PPVD CANINE EN 4x1.5kg RU;1254,29
;12441856;PPVD DRM Собака Дерматоз 4х1.5кг;1229,38
;12441890;PPVD HA Собака Аллергия 4х1.3кг;1341,61
;12441963;PPVD UR Собака МочевыдСистема 4х1.5кг;1170,83
;RU PUR PVD Wet Dog 400g;;0,00
12275682;12381643;PPVD CANINE OM Mousse 12x400g RU;220,32
12275680;12381640;PPVD CANINE EN Mousse 12x400g RU;240,95
12275681;12381641;PPVD CANINE NF Mousse 12x400g N1 RU;220,32
;;;
;;;
;;;
;;;
;;;
;;;
;;;
