;;                                ПРАЙС-ЛИСТ         Forza 10                                                                                                                                                                                             ;;;;;;;;;;;;;;;;;;;;;;;;;;;;;;;;;;;;;;;;;;;;;;;;;;;;;;;;;;;;;;;;;;;;;;;;;;;;;;;;;;;;;;;;;;;;;;;;;;;;;;;;;;;;;;;;;;;;;;;;;;;;;;;;;;;;;;;;;;;;;;;;;;;;;;;;;;;;;;;;;;;;;;;;;;;;;;;;;;;;;;;;;;;;;;;;;;;;;;;;;;;;;;;;;;;;;;;;;;;;;;;;;;;;;;;;;;;;;;;;
;;Наименование;Артикул;Описание;вес/ кг;опт цена;Штрихкод;Бренд;Цена со скидкой;;;;;;;;;;;;;;;;;;;;;;;;;;;;;;;;;;;;;;;;;;;;;;;;;;;;;;;;;;;;;;;;;;;;;;;;;;;;;;;;;;;;;;;;;;;;;;;;;;;;;;;;;;;;;;;;;;;;;;;;;;;;;;;;;;;;;;;;;;;;;;;;;;;;;;;;;;;;;;;;;;;;;;;;;;;;;;;;;;;;;;;;;;;;;;;;;;;;;;;;;;;;;;;;;;;;;;;;;;;;;;;;;;;;;;;;;
;; Maintenance повседневные сухие корма для кошек;;;;;;;;;;;;;;;;;;;;;;;;;;;;;;;;;;;;;;;;;;;;;;;;;;;;;;;;;;;;;;;;;;;;;;;;;;;;;;;;;;;;;;;;;;;;;;;;;;;;;;;;;;;;;;;;;;;;;;;;;;;;;;;;;;;;;;;;;;;;;;;;;;;;;;;;;;;;;;;;;;;;;;;;;;;;;;;;;;;;;;;;;;;;;;;;;;;;;;;;;;;;;;;;;;;;;;;;;;;;;;;;;;;;;;;;;;;;;;;;
;;Maintenance Pesce (рыба) 31/12 ;205500;Корм для взрослых кошек на основе рыбы. Уменьшает вероятность возникновения пищевой непереносимости и аллергии. Для поддержания прекрасного состояния здоровья кошки.;0,5;235;8020245030008;Forza10;200,09;;;;;;;;;;;;;;;;;;;;;;;;;;;;;;;;;;;;;;;;;;;;;;;;;;;;;;;;;;;;;;;;;;;;;;;;;;;;;;;;;;;;;;;;;;;;;;;;;;;;;;;;;;;;;;;;;;;;;;;;;;;;;;;;;;;;;;;;;;;;;;;;;;;;;;;;;;;;;;;;;;;;;;;;;;;;;;;;;;;;;;;;;;;;;;;;;;;;;;;;;;;;;;;;;;;;;;;;;;;;;;;;;;;;;;;;;
;;;205002;;2;910;8020245030022;Forza10;773,08;;;;;;;;;;;;;;;;;;;;;;;;;;;;;;;;;;;;;;;;;;;;;;;;;;;;;;;;;;;;;;;;;;;;;;;;;;;;;;;;;;;;;;;;;;;;;;;;;;;;;;;;;;;;;;;;;;;;;;;;;;;;;;;;;;;;;;;;;;;;;;;;;;;;;;;;;;;;;;;;;;;;;;;;;;;;;;;;;;;;;;;;;;;;;;;;;;;;;;;;;;;;;;;;;;;;;;;;;;;;;;;;;;;;;;;;;
;;;205010;;10;3825;8020245031012;Forza10;3251,46;;;;;;;;;;;;;;;;;;;;;;;;;;;;;;;;;;;;;;;;;;;;;;;;;;;;;;;;;;;;;;;;;;;;;;;;;;;;;;;;;;;;;;;;;;;;;;;;;;;;;;;;;;;;;;;;;;;;;;;;;;;;;;;;;;;;;;;;;;;;;;;;;;;;;;;;;;;;;;;;;;;;;;;;;;;;;;;;;;;;;;;;;;;;;;;;;;;;;;;;;;;;;;;;;;;;;;;;;;;;;;;;;;;;;;;;;
;;  Mr. Fruit линейка повседневных сухих кормов для кошек;;;;;;;;;;;;;;;;;;;;;;;;;;;;;;;;;;;;;;;;;;;;;;;;;;;;;;;;;;;;;;;;;;;;;;;;;;;;;;;;;;;;;;;;;;;;;;;;;;;;;;;;;;;;;;;;;;;;;;;;;;;;;;;;;;;;;;;;;;;;;;;;;;;;;;;;;;;;;;;;;;;;;;;;;;;;;;;;;;;;;;;;;;;;;;;;;;;;;;;;;;;;;;;;;;;;;;;;;;;;;;;;;;;;;;;;;;;;;;;;
;;Mr. Fruit Kitten 34/21 (курица, рис, кукуруза);213400;"Корм для котят до 12 мес. С экстрактами антиоксидантов.  Для укрепления имунной системы организма котенка. Натуральные растительные добавки. Фиолетовые фрукты Ежевика: содержит много витаминов А, С, а также ценных питательных веществ.
Черника: благоприятно воздействует на зрение, обладает  сильными антиоксидантными действиями, а также оказывает  защитное действие на кишечник.
Виноград: богат витаминами и минералами, выполняет очищающее и тонизирующее действия в период роста организма котёнка.
Маракуйя: обладает свойствами, способствующими пищеварению и расслаблению, содержит витамины А, В, С и Е, сахара и минеральные соли..";0,4;289;8020245101395;Forza10;245,57;;;;;;;;;;;;;;;;;;;;;;;;;;;;;;;;;;;;;;;;;;;;;;;;;;;;;;;;;;;;;;;;;;;;;;;;;;;;;;;;;;;;;;;;;;;;;;;;;;;;;;;;;;;;;;;;;;;;;;;;;;;;;;;;;;;;;;;;;;;;;;;;;;;;;;;;;;;;;;;;;;;;;;;;;;;;;;;;;;;;;;;;;;;;;;;;;;;;;;;;;;;;;;;;;;;;;;;;;;;;;;;;;;;;;;;;;
;;;213015;;1,5;845;8020245101401;Forza10;718,51;;;;;;;;;;;;;;;;;;;;;;;;;;;;;;;;;;;;;;;;;;;;;;;;;;;;;;;;;;;;;;;;;;;;;;;;;;;;;;;;;;;;;;;;;;;;;;;;;;;;;;;;;;;;;;;;;;;;;;;;;;;;;;;;;;;;;;;;;;;;;;;;;;;;;;;;;;;;;;;;;;;;;;;;;;;;;;;;;;;;;;;;;;;;;;;;;;;;;;;;;;;;;;;;;;;;;;;;;;;;;;;;;;;;;;;;;
;;;E0020213012;;12;4820;8020245203358;Forza10;4097,30;;;;;;;;;;;;;;;;;;;;;;;;;;;;;;;;;;;;;;;;;;;;;;;;;;;;;;;;;;;;;;;;;;;;;;;;;;;;;;;;;;;;;;;;;;;;;;;;;;;;;;;;;;;;;;;;;;;;;;;;;;;;;;;;;;;;;;;;;;;;;;;;;;;;;;;;;;;;;;;;;;;;;;;;;;;;;;;;;;;;;;;;;;;;;;;;;;;;;;;;;;;;;;;;;;;;;;;;;;;;;;;;;;;;;;;;;
;;Mr. Fruit Adult Indoor 29/17,5 (курица, рис, кукуруза);209400;"Корм для взрослых домашних кошек.  Гарантия отличной физической формы. Высокая усваиваемость. Уникальная формула удовлетворит самых изысканных гурманов. Оранжевые фрукты Папайя: стимулирует имунную систему на клеточном уровне.
Апельсин: защищает организм от инфекций дыхательных путей, улучшает пищеварение.
Абрикос: защищает организм от респираторных заболеваний, улучшает процессы пищеварения.
Страстоцвет: способствует устранению усталости и стресса..";0,4;262;8020245101319;Forza10;222,83;;;;;;;;;;;;;;;;;;;;;;;;;;;;;;;;;;;;;;;;;;;;;;;;;;;;;;;;;;;;;;;;;;;;;;;;;;;;;;;;;;;;;;;;;;;;;;;;;;;;;;;;;;;;;;;;;;;;;;;;;;;;;;;;;;;;;;;;;;;;;;;;;;;;;;;;;;;;;;;;;;;;;;;;;;;;;;;;;;;;;;;;;;;;;;;;;;;;;;;;;;;;;;;;;;;;;;;;;;;;;;;;;;;;;;;;;
;;;209015;;1,5;749;8020245101326;Forza10;636,65;;;;;;;;;;;;;;;;;;;;;;;;;;;;;;;;;;;;;;;;;;;;;;;;;;;;;;;;;;;;;;;;;;;;;;;;;;;;;;;;;;;;;;;;;;;;;;;;;;;;;;;;;;;;;;;;;;;;;;;;;;;;;;;;;;;;;;;;;;;;;;;;;;;;;;;;;;;;;;;;;;;;;;;;;;;;;;;;;;;;;;;;;;;;;;;;;;;;;;;;;;;;;;;;;;;;;;;;;;;;;;;;;;;;;;;;;
;;;Е0020209012;;12;4334;8020245203334;Forza10;3683,48;;;;;;;;;;;;;;;;;;;;;;;;;;;;;;;;;;;;;;;;;;;;;;;;;;;;;;;;;;;;;;;;;;;;;;;;;;;;;;;;;;;;;;;;;;;;;;;;;;;;;;;;;;;;;;;;;;;;;;;;;;;;;;;;;;;;;;;;;;;;;;;;;;;;;;;;;;;;;;;;;;;;;;;;;;;;;;;;;;;;;;;;;;;;;;;;;;;;;;;;;;;;;;;;;;;;;;;;;;;;;;;;;;;;;;;;;
;;Mr. Fruit Neutered 30/12 (курица, рис,кукуруза);210400;"Корм для стерилизованных кошек. С низкой концентрацией жиров, а также пониженным содержанием минералов, способных стать причиной возникновения мочекаменной болезни. Желтые фрукты.Жёлтая слива: содержит минеральные соли, витамины А,В1, В2 и С. Она обладает мочегонным и детоксикационным свойствами. Сливы помогают регулировать вес тела.
Банан: обладает питательными, реминерализационными и стимулирующими свойствами, которые полезны для  стерилизованных, а также малоподвижных животных. Он богат калием, который необходим для правильного функционирования сердечно-сосудистой системы.
Жёлтая дыня: богата витаминами А и С, а также каротиноидами, антиоксидантными веществами, защищающими клетки организма от старения.
Цитрон: характеризуется высоким содержанием флавоноидов, обладающих антиоксидантными, тонизирующими и бодрящими свойствами, а также контролирует уровень сахара в крови.";0,4;262;8020245101333;Forza10;222,83;;;;;;;;;;;;;;;;;;;;;;;;;;;;;;;;;;;;;;;;;;;;;;;;;;;;;;;;;;;;;;;;;;;;;;;;;;;;;;;;;;;;;;;;;;;;;;;;;;;;;;;;;;;;;;;;;;;;;;;;;;;;;;;;;;;;;;;;;;;;;;;;;;;;;;;;;;;;;;;;;;;;;;;;;;;;;;;;;;;;;;;;;;;;;;;;;;;;;;;;;;;;;;;;;;;;;;;;;;;;;;;;;;;;;;;;;
;;;210015;;1,5;749;8020245101340;Forza10;636,65;;;;;;;;;;;;;;;;;;;;;;;;;;;;;;;;;;;;;;;;;;;;;;;;;;;;;;;;;;;;;;;;;;;;;;;;;;;;;;;;;;;;;;;;;;;;;;;;;;;;;;;;;;;;;;;;;;;;;;;;;;;;;;;;;;;;;;;;;;;;;;;;;;;;;;;;;;;;;;;;;;;;;;;;;;;;;;;;;;;;;;;;;;;;;;;;;;;;;;;;;;;;;;;;;;;;;;;;;;;;;;;;;;;;;;;;;
;;;E0020210012;;12;4120;8020245203341;Forza10;3501,58;;;;;;;;;;;;;;;;;;;;;;;;;;;;;;;;;;;;;;;;;;;;;;;;;;;;;;;;;;;;;;;;;;;;;;;;;;;;;;;;;;;;;;;;;;;;;;;;;;;;;;;;;;;;;;;;;;;;;;;;;;;;;;;;;;;;;;;;;;;;;;;;;;;;;;;;;;;;;;;;;;;;;;;;;;;;;;;;;;;;;;;;;;;;;;;;;;;;;;;;;;;;;;;;;;;;;;;;;;;;;;;;;;;;;;;;;
;;Mr. Fruit Rosso Senior 27/12,3 (курица, рис, кукуруза);211400;"Корм для пожилых кошек. Правильный обмен питательных веществ и защита организма. Активная физическая форма даже в преклонном возрасте. Красные фрукты. Смородина: насыщена антиоксидантами, препятствующими старению клеток организма.
Малина: обеспечивает высоким содержанием энергии, богата витаминами и минералами, что способствует укреплению иммунитета.
Черника: защищает сердечно-сосудистую систему, благотворно влияет на зрение.
Маракуйя: содержит большое количество клетчатки, витаминов и минералов, способствующих правильному пищеварению.
Гранат: символ долголетия, он предохраняет суставы от повреждений.";0,4;251;8020245101357;Forza10;213,73;;;;;;;;;;;;;;;;;;;;;;;;;;;;;;;;;;;;;;;;;;;;;;;;;;;;;;;;;;;;;;;;;;;;;;;;;;;;;;;;;;;;;;;;;;;;;;;;;;;;;;;;;;;;;;;;;;;;;;;;;;;;;;;;;;;;;;;;;;;;;;;;;;;;;;;;;;;;;;;;;;;;;;;;;;;;;;;;;;;;;;;;;;;;;;;;;;;;;;;;;;;;;;;;;;;;;;;;;;;;;;;;;;;;;;;;;
;;;211015;;1,5;738;8020245101364;Forza10;627,56;;;;;;;;;;;;;;;;;;;;;;;;;;;;;;;;;;;;;;;;;;;;;;;;;;;;;;;;;;;;;;;;;;;;;;;;;;;;;;;;;;;;;;;;;;;;;;;;;;;;;;;;;;;;;;;;;;;;;;;;;;;;;;;;;;;;;;;;;;;;;;;;;;;;;;;;;;;;;;;;;;;;;;;;;;;;;;;;;;;;;;;;;;;;;;;;;;;;;;;;;;;;;;;;;;;;;;;;;;;;;;;;;;;;;;;;;
;;"                    Diet гипоаллергенная линия сухих кормов для кошек из ингредиентов класса ""БИО""";;;;;;;;;;;;;;;;;;;;;;;;;;;;;;;;;;;;;;;;;;;;;;;;;;;;;;;;;;;;;;;;;;;;;;;;;;;;;;;;;;;;;;;;;;;;;;;;;;;;;;;;;;;;;;;;;;;;;;;;;;;;;;;;;;;;;;;;;;;;;;;;;;;;;;;;;;;;;;;;;;;;;;;;;;;;;;;;;;;;;;;;;;;;;;;;;;;;;;;;;;;;;;;;;;;;;;;;;;;;;;;;;;;;;;;;;;;;;;;;
;;Regular Diet Pesce (рыба) 31/12;203400;Корм для взрослых кошек из океанической рыбы, при аллергии и повышенной чувствительности к животным белкам. Рекомендуется для профилактики и лечения пищевой аллергии и непереносимости.;0,4;289;8020245011830;Forza10;245,57;;;;;;;;;;;;;;;;;;;;;;;;;;;;;;;;;;;;;;;;;;;;;;;;;;;;;;;;;;;;;;;;;;;;;;;;;;;;;;;;;;;;;;;;;;;;;;;;;;;;;;;;;;;;;;;;;;;;;;;;;;;;;;;;;;;;;;;;;;;;;;;;;;;;;;;;;;;;;;;;;;;;;;;;;;;;;;;;;;;;;;;;;;;;;;;;;;;;;;;;;;;;;;;;;;;;;;;;;;;;;;;;;;;;;;;;;
;;;203115;;1,5;856;8020245011823;Forza10;727,60;;;;;;;;;;;;;;;;;;;;;;;;;;;;;;;;;;;;;;;;;;;;;;;;;;;;;;;;;;;;;;;;;;;;;;;;;;;;;;;;;;;;;;;;;;;;;;;;;;;;;;;;;;;;;;;;;;;;;;;;;;;;;;;;;;;;;;;;;;;;;;;;;;;;;;;;;;;;;;;;;;;;;;;;;;;;;;;;;;;;;;;;;;;;;;;;;;;;;;;;;;;;;;;;;;;;;;;;;;;;;;;;;;;;;;;;;
;;Линейка «ВIO» - сухой органический корм для кошек с водорослями ;;;;;;;0,00;;;;;;;;;;;;;;;;;;;;;;;;;;;;;;;;;;;;;;;;;;;;;;;;;;;;;;;;;;;;;;;;;;;;;;;;;;;;;;;;;;;;;;;;;;;;;;;;;;;;;;;;;;;;;;;;;;;;;;;;;;;;;;;;;;;;;;;;;;;;;;;;;;;;;;;;;;;;;;;;;;;;;;;;;;;;;;;;;;;;;;;;;;;;;;;;;;;;;;;;;;;;;;;;;;;;;;;;;;;;;;;;;;;;;;;;;
;;VegetalBio (овощи и водоросли) 24/12;;Полнорационный корм для взрослых кошек, полностью на растительной основе и имеющий биологическую сертификацию, разработанный в соответствии с самыми строгими стандартами Веган. Поскольку кошка является приверженным мясоедом полностью вегетарианская диета не в состоянии удовлетворить все ее потребности в некоторых веществах (особенно таурине, витамине D3 и карнитине).;0,4;;;;0,00;;;;;;;;;;;;;;;;;;;;;;;;;;;;;;;;;;;;;;;;;;;;;;;;;;;;;;;;;;;;;;;;;;;;;;;;;;;;;;;;;;;;;;;;;;;;;;;;;;;;;;;;;;;;;;;;;;;;;;;;;;;;;;;;;;;;;;;;;;;;;;;;;;;;;;;;;;;;;;;;;;;;;;;;;;;;;;;;;;;;;;;;;;;;;;;;;;;;;;;;;;;;;;;;;;;;;;;;;;;;;;;;;;;;;;;;;
;;;615015;;1,5;1659;8020245707863;Forza10;1409,73;;;;;;;;;;;;;;;;;;;;;;;;;;;;;;;;;;;;;;;;;;;;;;;;;;;;;;;;;;;;;;;;;;;;;;;;;;;;;;;;;;;;;;;;;;;;;;;;;;;;;;;;;;;;;;;;;;;;;;;;;;;;;;;;;;;;;;;;;;;;;;;;;;;;;;;;;;;;;;;;;;;;;;;;;;;;;;;;;;;;;;;;;;;;;;;;;;;;;;;;;;;;;;;;;;;;;;;;;;;;;;;;;;;;;;;;;
;; EveryDayBio pollo alghe (курица с кукурузой и водорослями) 28/15 ;612015;Полнорационный корм для взрослых кошек, на растительной основе и имеющий биологическую сертификацию, разработанный в соответствии с самыми строгими стандартами биологической агрокультуры.;1,5;1605;8020245091276;Forza10;1364,25;;;;;;;;;;;;;;;;;;;;;;;;;;;;;;;;;;;;;;;;;;;;;;;;;;;;;;;;;;;;;;;;;;;;;;;;;;;;;;;;;;;;;;;;;;;;;;;;;;;;;;;;;;;;;;;;;;;;;;;;;;;;;;;;;;;;;;;;;;;;;;;;;;;;;;;;;;;;;;;;;;;;;;;;;;;;;;;;;;;;;;;;;;;;;;;;;;;;;;;;;;;;;;;;;;;;;;;;;;;;;;;;;;;;;;;;;
;;EveryDayBio pesce alghe (рыба с маисом и водорослями) 28/15 ;613015;Полнорационный корм для взрослых кошек, на растительной основе и имеющий биологическую сертификацию, разработанный в соответствии с самыми строгими стандартами биологической агрокультуры.;1,5;1552;8020245091290;Forza10;1318,78;;;;;;;;;;;;;;;;;;;;;;;;;;;;;;;;;;;;;;;;;;;;;;;;;;;;;;;;;;;;;;;;;;;;;;;;;;;;;;;;;;;;;;;;;;;;;;;;;;;;;;;;;;;;;;;;;;;;;;;;;;;;;;;;;;;;;;;;;;;;;;;;;;;;;;;;;;;;;;;;;;;;;;;;;;;;;;;;;;;;;;;;;;;;;;;;;;;;;;;;;;;;;;;;;;;;;;;;;;;;;;;;;;;;;;;;;
;;        Active Line ветеринарная линия сухих кормов для кошек (лечение и профилактика);;;;;;;;;;;;;;;;;;;;;;;;;;;;;;;;;;;;;;;;;;;;;;;;;;;;;;;;;;;;;;;;;;;;;;;;;;;;;;;;;;;;;;;;;;;;;;;;;;;;;;;;;;;;;;;;;;;;;;;;;;;;;;;;;;;;;;;;;;;;;;;;;;;;;;;;;;;;;;;;;;;;;;;;;;;;;;;;;;;;;;;;;;;;;;;;;;;;;;;;;;;;;;;;;;;;;;;;;;;;;;;;;;;;;;;;;;;;;;;;
;;Intestinal Active (рыба);214454;"Корм для взрослых кошек при проблемах пищеварения (рвота, вздутие кишечника, диарея и запор); восстановление всасывания в кишечнике, компенсация недостаточности поджелудочной железы.";0,45;385;8020245707887;Forza10;327,42;;;;;;;;;;;;;;;;;;;;;;;;;;;;;;;;;;;;;;;;;;;;;;;;;;;;;;;;;;;;;;;;;;;;;;;;;;;;;;;;;;;;;;;;;;;;;;;;;;;;;;;;;;;;;;;;;;;;;;;;;;;;;;;;;;;;;;;;;;;;;;;;;;;;;;;;;;;;;;;;;;;;;;;;;;;;;;;;;;;;;;;;;;;;;;;;;;;;;;;;;;;;;;;;;;;;;;;;;;;;;;;;;;;;;;;;;
;;Renal Active (рыба);215454;Корм для взрослых кошек при острой и хронической почечной недостаточности. Поддержание функции почек в случаях острой и хронической почечной недостаточности, благодаря пониженному содержанию белков высокого качества и низкой концентрации фосфора.;0,45;375;8020245707924;Forza10;318,33;;;;;;;;;;;;;;;;;;;;;;;;;;;;;;;;;;;;;;;;;;;;;;;;;;;;;;;;;;;;;;;;;;;;;;;;;;;;;;;;;;;;;;;;;;;;;;;;;;;;;;;;;;;;;;;;;;;;;;;;;;;;;;;;;;;;;;;;;;;;;;;;;;;;;;;;;;;;;;;;;;;;;;;;;;;;;;;;;;;;;;;;;;;;;;;;;;;;;;;;;;;;;;;;;;;;;;;;;;;;;;;;;;;;;;;;;
;;Urinary Active (рыба);217454;Корм для взрослых кошек при заболеваниях мочевыводящих путей. Для растворения струвитных уролитов НЕБОЛЬШИХ РАЗМЕРОВ и для предупреждения рецидивов. Лечение заболеваний нижних отделов мочевыводящих путей у кошек, сокращение рисков рецидивов, сокращение симптомов пищевой непереносимости.;0,45;385;8020245707917;Forza10;327,42;;;;;;;;;;;;;;;;;;;;;;;;;;;;;;;;;;;;;;;;;;;;;;;;;;;;;;;;;;;;;;;;;;;;;;;;;;;;;;;;;;;;;;;;;;;;;;;;;;;;;;;;;;;;;;;;;;;;;;;;;;;;;;;;;;;;;;;;;;;;;;;;;;;;;;;;;;;;;;;;;;;;;;;;;;;;;;;;;;;;;;;;;;;;;;;;;;;;;;;;;;;;;;;;;;;;;;;;;;;;;;;;;;;;;;;;;
;;Dermo Active ;201454;"Корм для кошек c кожными проблемами. Нарушения целостности кожного покрова и другие патологии кошек, затрагивающие кожные покровы. 
Гиперчувствительность к ингредиентам корма и питательным веществам.
Поддержание защитной и восстановительной функций кожного покрова при дерматитах и избыточном выпадении шерсти";0,454;337;8020245707870;Forza10;286,49;;;;;;;;;;;;;;;;;;;;;;;;;;;;;;;;;;;;;;;;;;;;;;;;;;;;;;;;;;;;;;;;;;;;;;;;;;;;;;;;;;;;;;;;;;;;;;;;;;;;;;;;;;;;;;;;;;;;;;;;;;;;;;;;;;;;;;;;;;;;;;;;;;;;;;;;;;;;;;;;;;;;;;;;;;;;;;;;;;;;;;;;;;;;;;;;;;;;;;;;;;;;;;;;;;;;;;;;;;;;;;;;;;;;;;;;;
;;Hypoallergenic Active (рыба);216454;Корм для взрослых кошек с проблемами пищевой непереносимости и аллергии на животный белок, дерматиты, зуд, перхоть, себореи, пиодермит. Улучшает физиологические защитные механизмы.;0,454;337;8020245707931;Forza10;286,49;;;;;;;;;;;;;;;;;;;;;;;;;;;;;;;;;;;;;;;;;;;;;;;;;;;;;;;;;;;;;;;;;;;;;;;;;;;;;;;;;;;;;;;;;;;;;;;;;;;;;;;;;;;;;;;;;;;;;;;;;;;;;;;;;;;;;;;;;;;;;;;;;;;;;;;;;;;;;;;;;;;;;;;;;;;;;;;;;;;;;;;;;;;;;;;;;;;;;;;;;;;;;;;;;;;;;;;;;;;;;;;;;;;;;;;;;
;;Weight Control Active (рыба);202464;Корм для взрослых кошек для снижения избыточного веса. Диетический полнорационный корм для кошек с нарушениями обмена жиров и углеводов (ожирение, диабет).;0,454;471;8020245707900;Forza10;400,18;;;;;;;;;;;;;;;;;;;;;;;;;;;;;;;;;;;;;;;;;;;;;;;;;;;;;;;;;;;;;;;;;;;;;;;;;;;;;;;;;;;;;;;;;;;;;;;;;;;;;;;;;;;;;;;;;;;;;;;;;;;;;;;;;;;;;;;;;;;;;;;;;;;;;;;;;;;;;;;;;;;;;;;;;;;;;;;;;;;;;;;;;;;;;;;;;;;;;;;;;;;;;;;;;;;;;;;;;;;;;;;;;;;;;;;;;
;;                             Maintenance - повседневные сухие корма для собак;;;;;;;;;;;;;;;;;;;;;;;;;;;;;;;;;;;;;;;;;;;;;;;;;;;;;;;;;;;;;;;;;;;;;;;;;;;;;;;;;;;;;;;;;;;;;;;;;;;;;;;;;;;;;;;;;;;;;;;;;;;;;;;;;;;;;;;;;;;;;;;;;;;;;;;;;;;;;;;;;;;;;;;;;;;;;;;;;;;;;;;;;;;;;;;;;;;;;;;;;;;;;;;;;;;;;;;;;;;;;;;;;;;;;;;;;;;;;;;;
;;Puppy Junior Small/Medium Pesce (рыба) 30/15;102012;Корм из рыбы для щенков мелких/средних пород (с 2,5 мес.), также для сук в период беременности и лактации. Монобелковый. Щенкам в период активного роста, щенкам с чувствительным пищеварением, для профилактики и лечения дисбактериоза, для формирования нормальной бактериальной флоры кишечника.;2;931;8020245017009;Forza10;791,27;;;;;;;;;;;;;;;;;;;;;;;;;;;;;;;;;;;;;;;;;;;;;;;;;;;;;;;;;;;;;;;;;;;;;;;;;;;;;;;;;;;;;;;;;;;;;;;;;;;;;;;;;;;;;;;;;;;;;;;;;;;;;;;;;;;;;;;;;;;;;;;;;;;;;;;;;;;;;;;;;;;;;;;;;;;;;;;;;;;;;;;;;;;;;;;;;;;;;;;;;;;;;;;;;;;;;;;;;;;;;;;;;;;;;;;;;
;;Puppy Junior Medium/Large Pesce (рыба) 30/15;102025;Корм из рыбы для щенков средних /крупных пород (с 2,5 мес.), также для сук в период беременности и лактации. Для гармоничного и уравновешенного роста, содержит ценные белки.;15;5671;8020245017023;Forza10;4820,35;;;;;;;;;;;;;;;;;;;;;;;;;;;;;;;;;;;;;;;;;;;;;;;;;;;;;;;;;;;;;;;;;;;;;;;;;;;;;;;;;;;;;;;;;;;;;;;;;;;;;;;;;;;;;;;;;;;;;;;;;;;;;;;;;;;;;;;;;;;;;;;;;;;;;;;;;;;;;;;;;;;;;;;;;;;;;;;;;;;;;;;;;;;;;;;;;;;;;;;;;;;;;;;;;;;;;;;;;;;;;;;;;;;;;;;;;
;;Puppy Junior Pollo/pat.  (курица, картофель) 30/16;115002;Корм из курицы и картофеля для щенков средних /крупных пород (с 2,5 мес.), также для сук в период беременности и лактации. Для гармоничного и уравновешенного роста, содержит ценные белки.;2;861;8020245013155;Forza10;732,15;;;;;;;;;;;;;;;;;;;;;;;;;;;;;;;;;;;;;;;;;;;;;;;;;;;;;;;;;;;;;;;;;;;;;;;;;;;;;;;;;;;;;;;;;;;;;;;;;;;;;;;;;;;;;;;;;;;;;;;;;;;;;;;;;;;;;;;;;;;;;;;;;;;;;;;;;;;;;;;;;;;;;;;;;;;;;;;;;;;;;;;;;;;;;;;;;;;;;;;;;;;;;;;;;;;;;;;;;;;;;;;;;;;;;;;;;
;;;115015;;15;5377;8020245013162;Forza10;4570,24;;;;;;;;;;;;;;;;;;;;;;;;;;;;;;;;;;;;;;;;;;;;;;;;;;;;;;;;;;;;;;;;;;;;;;;;;;;;;;;;;;;;;;;;;;;;;;;;;;;;;;;;;;;;;;;;;;;;;;;;;;;;;;;;;;;;;;;;;;;;;;;;;;;;;;;;;;;;;;;;;;;;;;;;;;;;;;;;;;;;;;;;;;;;;;;;;;;;;;;;;;;;;;;;;;;;;;;;;;;;;;;;;;;;;;;;;
;;Mini Maintenance  Pesce (рыба) 26/13;106102;Корм для взрослых собак мелких пород из океанической рыбы (тунец, треска, лосось). Уменьшает вероятность возникновения пищевой непереносимости и аллергии. Для поддержания прекрасного состояния здоровья собаки.;2;765;8020245708334;Forza10;650,29;;;;;;;;;;;;;;;;;;;;;;;;;;;;;;;;;;;;;;;;;;;;;;;;;;;;;;;;;;;;;;;;;;;;;;;;;;;;;;;;;;;;;;;;;;;;;;;;;;;;;;;;;;;;;;;;;;;;;;;;;;;;;;;;;;;;;;;;;;;;;;;;;;;;;;;;;;;;;;;;;;;;;;;;;;;;;;;;;;;;;;;;;;;;;;;;;;;;;;;;;;;;;;;;;;;;;;;;;;;;;;;;;;;;;;;;;
;;;;;;0;;Forza10;0,00;;;;;;;;;;;;;;;;;;;;;;;;;;;;;;;;;;;;;;;;;;;;;;;;;;;;;;;;;;;;;;;;;;;;;;;;;;;;;;;;;;;;;;;;;;;;;;;;;;;;;;;;;;;;;;;;;;;;;;;;;;;;;;;;;;;;;;;;;;;;;;;;;;;;;;;;;;;;;;;;;;;;;;;;;;;;;;;;;;;;;;;;;;;;;;;;;;;;;;;;;;;;;;;;;;;;;;;;;;;;;;;;;;;;;;;;;
;;;101004;;4;1396;8020245014077;Forza10;1186,90;;;;;;;;;;;;;;;;;;;;;;;;;;;;;;;;;;;;;;;;;;;;;;;;;;;;;;;;;;;;;;;;;;;;;;;;;;;;;;;;;;;;;;;;;;;;;;;;;;;;;;;;;;;;;;;;;;;;;;;;;;;;;;;;;;;;;;;;;;;;;;;;;;;;;;;;;;;;;;;;;;;;;;;;;;;;;;;;;;;;;;;;;;;;;;;;;;;;;;;;;;;;;;;;;;;;;;;;;;;;;;;;;;;;;;;;;
;;Mini Maint. Pollo/pat. (курица, картофель) 26/14;118002;Корм для взрослых собак мелких пород из курицы и картофеля. Полнорационный, монобелковый. ;2;765;8020245101203;Forza10;650,29;;;;;;;;;;;;;;;;;;;;;;;;;;;;;;;;;;;;;;;;;;;;;;;;;;;;;;;;;;;;;;;;;;;;;;;;;;;;;;;;;;;;;;;;;;;;;;;;;;;;;;;;;;;;;;;;;;;;;;;;;;;;;;;;;;;;;;;;;;;;;;;;;;;;;;;;;;;;;;;;;;;;;;;;;;;;;;;;;;;;;;;;;;;;;;;;;;;;;;;;;;;;;;;;;;;;;;;;;;;;;;;;;;;;;;;;;
;;Mini Maintenance Cervo/Patate (оленина/карт.) 26/13;117002;Корм для взрослых собак мелких пород из оленины с картофелем. Полнорационный, монобелковый. Уменьшает вероятность появления аллергии, или пищевой непереносимости. Содержит все необходимые витамины и минералы.;2;840;8020245101180;Forza10;713,96;;;;;;;;;;;;;;;;;;;;;;;;;;;;;;;;;;;;;;;;;;;;;;;;;;;;;;;;;;;;;;;;;;;;;;;;;;;;;;;;;;;;;;;;;;;;;;;;;;;;;;;;;;;;;;;;;;;;;;;;;;;;;;;;;;;;;;;;;;;;;;;;;;;;;;;;;;;;;;;;;;;;;;;;;;;;;;;;;;;;;;;;;;;;;;;;;;;;;;;;;;;;;;;;;;;;;;;;;;;;;;;;;;;;;;;;;
;;Medium Maint. Pollo/pat. (курица, картофель) 24/12;118015;"Корм для взрослых собак средних пород из курицы и картофеля. Полнорационный, монобелковый. Основнои? источник животного белка: курица из органического разведения.
Особыи? источник углеводов: картофель.
Небольшое количество ингредиентов для снижения риска возникновения пищевои? непереносимости и аллергии.";15;4387;8020245101210;Forza10;3728,95;;;;;;;;;;;;;;;;;;;;;;;;;;;;;;;;;;;;;;;;;;;;;;;;;;;;;;;;;;;;;;;;;;;;;;;;;;;;;;;;;;;;;;;;;;;;;;;;;;;;;;;;;;;;;;;;;;;;;;;;;;;;;;;;;;;;;;;;;;;;;;;;;;;;;;;;;;;;;;;;;;;;;;;;;;;;;;;;;;;;;;;;;;;;;;;;;;;;;;;;;;;;;;;;;;;;;;;;;;;;;;;;;;;;;;;;;
;;Maintenance Agn/Riso Small/Medium (ягнёнок и рис) 24/12;116002;Корм для взрослых собак мелких и средних пород из ягненка с рисом. Полнорационный, монобелковый. Поддержание прекрасного состояния здоровья собаки. ;2;765;8020245011588;Forza10;650,29;;;;;;;;;;;;;;;;;;;;;;;;;;;;;;;;;;;;;;;;;;;;;;;;;;;;;;;;;;;;;;;;;;;;;;;;;;;;;;;;;;;;;;;;;;;;;;;;;;;;;;;;;;;;;;;;;;;;;;;;;;;;;;;;;;;;;;;;;;;;;;;;;;;;;;;;;;;;;;;;;;;;;;;;;;;;;;;;;;;;;;;;;;;;;;;;;;;;;;;;;;;;;;;;;;;;;;;;;;;;;;;;;;;;;;;;;
;;Maintenance Light  (тунца и риса) 24/8;105015;"Полнорационный сухой корм для взрослых собак всех пород, склонных к полноте. рекомендован для:
• гарантированного поддержания прекрасного состояния здоровья собаки;
• достижения нормального веса собаки и поддержания в идеальной физической форме.";15;4451;8020245013049;Forza10;3783,52;;;;;;;;;;;;;;;;;;;;;;;;;;;;;;;;;;;;;;;;;;;;;;;;;;;;;;;;;;;;;;;;;;;;;;;;;;;;;;;;;;;;;;;;;;;;;;;;;;;;;;;;;;;;;;;;;;;;;;;;;;;;;;;;;;;;;;;;;;;;;;;;;;;;;;;;;;;;;;;;;;;;;;;;;;;;;;;;;;;;;;;;;;;;;;;;;;;;;;;;;;;;;;;;;;;;;;;;;;;;;;;;;;;;;;;;;
;;Maintenance  Agn/Riso Medium/Large  (ягнёнок и рис) 24/12;116112;Корм для взрослых собак средних и крупных пород из мяса ягненка и  рисом. Повседневная формула позволит вашей собаке оставаться с отличной физической форме, специальный комплекс защитит иммунную систему. Особый баланс Омега 3:6 поддержит здоровье кожи и шерсти. Био МОС и ФОС бережно поддерживают иммунитет и здоровье желудочно-кишечного тракта. Подходит для собак с чувствительным пищеварением, чувствительностью к мясу промышленного производства и склонностью к раздражениям кожи, аллергиям.;12,5;3531;;Forza10;3001,35;;;;;;;;;;;;;;;;;;;;;;;;;;;;;;;;;;;;;;;;;;;;;;;;;;;;;;;;;;;;;;;;;;;;;;;;;;;;;;;;;;;;;;;;;;;;;;;;;;;;;;;;;;;;;;;;;;;;;;;;;;;;;;;;;;;;;;;;;;;;;;;;;;;;;;;;;;;;;;;;;;;;;;;;;;;;;;;;;;;;;;;;;;;;;;;;;;;;;;;;;;;;;;;;;;;;;;;;;;;;;;;;;;;;;;;;;
;;Maintenance  Agn/Riso Medium/Large  (ягнёнок и рис) 24/12;116015;Корм для взрослых собак средних и крупных пород из мяса ягненка и  рисом. Повседневная формула позволит вашей собаке оставаться с отличной физической форме, специальный комплекс защитит иммунную систему. Особый баланс Омега 3:6 поддержит здоровье кожи и шерсти. Био МОС и ФОС бережно поддерживают иммунитет и здоровье желудочно-кишечного тракта. Подходит для собак с чувствительным пищеварением, чувствительностью к мясу промышленного производства и склонностью к раздражениям кожи, аллергиям.;15;4243;8020245011458;Forza10;3606,17;;;;;;;;;;;;;;;;;;;;;;;;;;;;;;;;;;;;;;;;;;;;;;;;;;;;;;;;;;;;;;;;;;;;;;;;;;;;;;;;;;;;;;;;;;;;;;;;;;;;;;;;;;;;;;;;;;;;;;;;;;;;;;;;;;;;;;;;;;;;;;;;;;;;;;;;;;;;;;;;;;;;;;;;;;;;;;;;;;;;;;;;;;;;;;;;;;;;;;;;;;;;;;;;;;;;;;;;;;;;;;;;;;;;;;;;;
;;Medium  Maintenance Pesce (рыба) 24/11;106002;Корм для взрослых собак средних пород из трески, голубого тунца и лосося. Полнорационный, гипоаллергенный, монобелковый. Здоровье кожного покрова и шерсти. Повседневная формула позволит вашей собаке оставаться с отличной физической форме, специальный комплекс защитит иммунную систему. Особый баланс Омега 3:6 поддержит здоровье кожи и шерсти. Подходит для собак с чувствительным пищеварением, чувствительностью к мясу промышленного производства и склонностью к раздражениям кожи.;2;776;8020245013100;Forza10;659,39;;;;;;;;;;;;;;;;;;;;;;;;;;;;;;;;;;;;;;;;;;;;;;;;;;;;;;;;;;;;;;;;;;;;;;;;;;;;;;;;;;;;;;;;;;;;;;;;;;;;;;;;;;;;;;;;;;;;;;;;;;;;;;;;;;;;;;;;;;;;;;;;;;;;;;;;;;;;;;;;;;;;;;;;;;;;;;;;;;;;;;;;;;;;;;;;;;;;;;;;;;;;;;;;;;;;;;;;;;;;;;;;;;;;;;;;;
;;;106015;;15;4403;8020245013056;Forza10;3742,59;;;;;;;;;;;;;;;;;;;;;;;;;;;;;;;;;;;;;;;;;;;;;;;;;;;;;;;;;;;;;;;;;;;;;;;;;;;;;;;;;;;;;;;;;;;;;;;;;;;;;;;;;;;;;;;;;;;;;;;;;;;;;;;;;;;;;;;;;;;;;;;;;;;;;;;;;;;;;;;;;;;;;;;;;;;;;;;;;;;;;;;;;;;;;;;;;;;;;;;;;;;;;;;;;;;;;;;;;;;;;;;;;;;;;;;;;
;;Forza 10 Maint.pesce e riso all breeds (рыба-рис) 25/13;134002;"Корм для взрослых собак всех пород, полнорационныи? и сбалансированныи?. Источник животного белка: морская рыба.
Источник углеводов: рис.
Небольшое количество ингредиентов для снижения риска возникновения пищевои? непереносимости и аллергии. Особый баланс Омега 3:6 поддержит здоровье кожи и шерсти. Подходит для собак с чувствительным пищеварением, чувствительностью к мясу промышленного производства и склонностью к раздражениям кожи.";2;679;8020245708303;Forza10;577,53;;;;;;;;;;;;;;;;;;;;;;;;;;;;;;;;;;;;;;;;;;;;;;;;;;;;;;;;;;;;;;;;;;;;;;;;;;;;;;;;;;;;;;;;;;;;;;;;;;;;;;;;;;;;;;;;;;;;;;;;;;;;;;;;;;;;;;;;;;;;;;;;;;;;;;;;;;;;;;;;;;;;;;;;;;;;;;;;;;;;;;;;;;;;;;;;;;;;;;;;;;;;;;;;;;;;;;;;;;;;;;;;;;;;;;;;;
;;;135002;;15;4794;8020245708310;Forza10;4074,56;;;;;;;;;;;;;;;;;;;;;;;;;;;;;;;;;;;;;;;;;;;;;;;;;;;;;;;;;;;;;;;;;;;;;;;;;;;;;;;;;;;;;;;;;;;;;;;;;;;;;;;;;;;;;;;;;;;;;;;;;;;;;;;;;;;;;;;;;;;;;;;;;;;;;;;;;;;;;;;;;;;;;;;;;;;;;;;;;;;;;;;;;;;;;;;;;;;;;;;;;;;;;;;;;;;;;;;;;;;;;;;;;;;;;;;;;
;;Medium  Maintenance Cervo/Patate (оленина/карт.) 26/13;111002;"Повседневный корм для взрослых собак средних пород из благородного мяса дикого оленя с молодым картофелем. Для собак с высоким уровнем чувствительности к мясу промышленного производства. Рекомендуется для профилактики и лечения пищевой аллергии и непереносимости. Подходит  собакам с чувствительным пищеварением, чувствительной кожей (склонной к раздражениям, расчесам, перхоти) и собакам с избирательным аппетитом. Содержит МОС+ФОС  для поддержания здоровья кишечника и общего иммунитета. Фитокомпоненты экстракта Лопуха, Алоэ вера, Черной смородины, Мальвы лесной, Розмарина лекарственного.
 ";2;840;8020245013117;Forza10;713,96;;;;;;;;;;;;;;;;;;;;;;;;;;;;;;;;;;;;;;;;;;;;;;;;;;;;;;;;;;;;;;;;;;;;;;;;;;;;;;;;;;;;;;;;;;;;;;;;;;;;;;;;;;;;;;;;;;;;;;;;;;;;;;;;;;;;;;;;;;;;;;;;;;;;;;;;;;;;;;;;;;;;;;;;;;;;;;;;;;;;;;;;;;;;;;;;;;;;;;;;;;;;;;;;;;;;;;;;;;;;;;;;;;;;;;;;;
;;;111015;;15;4869;8020245013124;Forza10;4138,23;;;;;;;;;;;;;;;;;;;;;;;;;;;;;;;;;;;;;;;;;;;;;;;;;;;;;;;;;;;;;;;;;;;;;;;;;;;;;;;;;;;;;;;;;;;;;;;;;;;;;;;;;;;;;;;;;;;;;;;;;;;;;;;;;;;;;;;;;;;;;;;;;;;;;;;;;;;;;;;;;;;;;;;;;;;;;;;;;;;;;;;;;;;;;;;;;;;;;;;;;;;;;;;;;;;;;;;;;;;;;;;;;;;;;;;;;
;;Maxi Maintenance  Pesce (рыба) 26/13;107015;Повседневный корм для взрослых собак крупных пород из трески, голубого тунца и лосося. Повседневная формула позволит вашей собаке оставаться с отличной физической форме, специальный комплекс защитит иммунную систему. Особый баланс Омега 3:6 поддержит здоровье кожи и шерсти. Био МОС и ФОС бережно поддерживают иммунитет и здоровье желудочно-кишечного тракта. Подходит для собак с чувствительным пищеварением, чувствительностью к мясу промышленного производства и склонностью к раздражениям кожи, аллергиям. ;15;4548;8020245013087;Forza10;3865,38;;;;;;;;;;;;;;;;;;;;;;;;;;;;;;;;;;;;;;;;;;;;;;;;;;;;;;;;;;;;;;;;;;;;;;;;;;;;;;;;;;;;;;;;;;;;;;;;;;;;;;;;;;;;;;;;;;;;;;;;;;;;;;;;;;;;;;;;;;;;;;;;;;;;;;;;;;;;;;;;;;;;;;;;;;;;;;;;;;;;;;;;;;;;;;;;;;;;;;;;;;;;;;;;;;;;;;;;;;;;;;;;;;;;;;;;;
;;Maxi Maintenance  Cervo/Patate (оленина/карт.) 25/12;117015;Корм для взрослых собак крупных пород из благородного мяса дикого оленя с молодым картофелем. Для собак с высокой чувствительностью к мясу промышленного производства. Рекомендуется для профилактики и лечения пищевой аллергии и непереносимости. Подходит собакам с чувствительным пищеварением, чувствительной кожей (склонной к раздражениям, расчесам, перхоти) и собакам с избирательным аппетитом. Содержит МОС+ФОС  для поддержания здоровья кишечника и общего иммунитета. Фитокомпоненты экстракта Лопуха, Алоэ вера, Черной смородины, Мальвы лесной, Розмарина лекарственного. ;15;5029;8020245101197;Forza10;4274,65;;;;;;;;;;;;;;;;;;;;;;;;;;;;;;;;;;;;;;;;;;;;;;;;;;;;;;;;;;;;;;;;;;;;;;;;;;;;;;;;;;;;;;;;;;;;;;;;;;;;;;;;;;;;;;;;;;;;;;;;;;;;;;;;;;;;;;;;;;;;;;;;;;;;;;;;;;;;;;;;;;;;;;;;;;;;;;;;;;;;;;;;;;;;;;;;;;;;;;;;;;;;;;;;;;;;;;;;;;;;;;;;;;;;;;;;;
;;"  Breeders профессиональная линейка для собак - КЛУБ ""BREEDERS""";;;;;;;;;;;;;;;;;;;;;;;;;;;;;;;;;;;;;;;;;;;;;;;;;;;;;;;;;;;;;;;;;;;;;;;;;;;;;;;;;;;;;;;;;;;;;;;;;;;;;;;;;;;;;;;;;;;;;;;;;;;;;;;;;;;;;;;;;;;;;;;;;;;;;;;;;;;;;;;;;;;;;;;;;;;;;;;;;;;;;;;;;;;;;;;;;;;;;;;;;;;;;;;;;;;;;;;;;;;;;;;;;;;;;;;;;;;;;;;;
;;Best Breeders Starter Puppy 30/20 (курица/рыба) ;109010;Корм для щенков с 4-х недель до 2-х мес. с молозивом, растворяется, превращаясь в кашу. Полнорационное питание с молозивом. Для сук во время беременности и лактации. Способствуют здоровью кожи и шерсти. Для более удобного применения, корм необходимо растворить, в равных частях, в теплой воде (максимум 40°C) до достижения желаемой консистенции.;12;5874;8020245011298       ;Forza10;4993,16;;;;;;;;;;;;;;;;;;;;;;;;;;;;;;;;;;;;;;;;;;;;;;;;;;;;;;;;;;;;;;;;;;;;;;;;;;;;;;;;;;;;;;;;;;;;;;;;;;;;;;;;;;;;;;;;;;;;;;;;;;;;;;;;;;;;;;;;;;;;;;;;;;;;;;;;;;;;;;;;;;;;;;;;;;;;;;;;;;;;;;;;;;;;;;;;;;;;;;;;;;;;;;;;;;;;;;;;;;;;;;;;;;;;;;;;;
;;Best Breeders Puppy Junior Small/ Medium Pesce  (29/15) (рыба);109023;Корм с рыбой для щенков мелких и средних пород от 2-х до 12 месяцев и сук в период беременности и лактации. Полнорационный, гипоаллергенный. Обладает высокой биологической ценностью и усвояемостью. Баланс Омега 3:6 и кальций+ фосфор на фоне биологически чистого белка обеспечит вашему щенку гармоничное формирование скелета, суставов, связок. Для кормления щенков со сверхчувствительностью на любой вид промышленного мяса. Система поддержки пищеварения МОС + Био ФОС и иммунитета поможет вырастить здоровую собаку! ;20;6607;8020245101005;Forza10;5616,16;;;;;;;;;;;;;;;;;;;;;;;;;;;;;;;;;;;;;;;;;;;;;;;;;;;;;;;;;;;;;;;;;;;;;;;;;;;;;;;;;;;;;;;;;;;;;;;;;;;;;;;;;;;;;;;;;;;;;;;;;;;;;;;;;;;;;;;;;;;;;;;;;;;;;;;;;;;;;;;;;;;;;;;;;;;;;;;;;;;;;;;;;;;;;;;;;;;;;;;;;;;;;;;;;;;;;;;;;;;;;;;;;;;;;;;;;
;;Best Breeders Puppy Junior Large Pesce (32/14) (рыба);109028;Корм с рыбой для щенков крупных и гиганстких пород от 2-х до 12 месяцев и сук в период беременности и лактации. Полнорационный, гипоаллергенный. Обладает высокой биологической ценностью и усвояемостью. Баланс Омега 3:6 и кальций+фосфор, на фоне биологически чистого белка обеспечит вашему щенку гармоничное формирование скелета, суставов, связок.  Для кормления щенков со сверхчувствительностью на любой вид промышленного мяса. Система Био МОС+ ФОС для поддержки пищеварения и иммунитета поможет вырастить здоровую собаку! ;20;6447;8020245101067;Forza10;5479,74;;;;;;;;;;;;;;;;;;;;;;;;;;;;;;;;;;;;;;;;;;;;;;;;;;;;;;;;;;;;;;;;;;;;;;;;;;;;;;;;;;;;;;;;;;;;;;;;;;;;;;;;;;;;;;;;;;;;;;;;;;;;;;;;;;;;;;;;;;;;;;;;;;;;;;;;;;;;;;;;;;;;;;;;;;;;;;;;;;;;;;;;;;;;;;;;;;;;;;;;;;;;;;;;;;;;;;;;;;;;;;;;;;;;;;;;;
;;Forza 10 Puppy Breed pes/rico (26/14) (рыба/рис);109056;«Puppy Junior» из риса и рыбы представляет собой идеальное питание для щенков всех пород с 2-х до 12 месяцев в период роста и развития. Корм производится из морской рыбы и отборного риса с хорошей усваяемостью. В то же время корм способствует профилактики и лечению дисбактериоза, формируя нормальную бактериальную флору кишечника. Добавление в формулу рыбы и рыбьего жира, которые являются богатыми источниками ненасыщенных жирных кислот Омега-3, способствует правильной работе когнитивных функций организма, отличному состоянию кожи и шерсти. Натуральное консервирование продукта обеспечивается благодаря добавлению природных экстрактов токоферолов и розмарина. ;20;5618;8020245706361;Forza10;4774,88;;;;;;;;;;;;;;;;;;;;;;;;;;;;;;;;;;;;;;;;;;;;;;;;;;;;;;;;;;;;;;;;;;;;;;;;;;;;;;;;;;;;;;;;;;;;;;;;;;;;;;;;;;;;;;;;;;;;;;;;;;;;;;;;;;;;;;;;;;;;;;;;;;;;;;;;;;;;;;;;;;;;;;;;;;;;;;;;;;;;;;;;;;;;;;;;;;;;;;;;;;;;;;;;;;;;;;;;;;;;;;;;;;;;;;;;;
;;Puppy Junior Breeder pol/pesce (32/18) (курица/рыба);109032;Корм для щенков из курицы (непромышленного производства) и морской рыбы.  Для всех пород с 2 до 12 месяцев и сук в период беременности и лактации (до отъема щенков). Полнорационный. Обеспечит гармоничный рост щенков и правильное формирование скелета, суставов и связок. МОС и Био ФОС поддерживают иммунитет щенка на высоком уровне, а также бережно поддерживают деликатное пищеварение, профилактируют различные нарушения в работе желудочно-кишечного тракта. Особый баланс Омега 3:6 обеспечит здоровье кожи и отличную фактуру шерсти. Продукт создан с учетом особенностей содержания в питомнике и позволит вырастить здоровую гармоничную собаку в питомнике.;20;5885;8020245101081;Forza10;5002,25;;;;;;;;;;;;;;;;;;;;;;;;;;;;;;;;;;;;;;;;;;;;;;;;;;;;;;;;;;;;;;;;;;;;;;;;;;;;;;;;;;;;;;;;;;;;;;;;;;;;;;;;;;;;;;;;;;;;;;;;;;;;;;;;;;;;;;;;;;;;;;;;;;;;;;;;;;;;;;;;;;;;;;;;;;;;;;;;;;;;;;;;;;;;;;;;;;;;;;;;;;;;;;;;;;;;;;;;;;;;;;;;;;;;;;;;;
;;Best Breeders Adult Mini (26/14) (рыба);109025;Корм для взрослых собак мелких пород из трески, голубого тунца и лосося. Монобелковый, полнорационный, гипоаллергенный. Повседневный корм, позволит вашей собаке оставаться в отличной форме, включая собак, которые не выходят на улицу. Особая формула Омега 3:6 обеспечит эластичность кожи, блеск и фактуру красивой шерсти! МОС и ФОС поддерживают иммунитет и здоровье пищеварительного тракта. Для нормализации состояния кожи и шерсти собак с различными нарушениями пищеварения, склонностью к раздражению кожи, аллергиям. Идеальный корм для профессиональных питомников, так как формула позволит поддерживать всех собак питомника в шоу и племенных кондициях круглый год.;20;5639;8020245101012;Forza10;4793,07;;;;;;;;;;;;;;;;;;;;;;;;;;;;;;;;;;;;;;;;;;;;;;;;;;;;;;;;;;;;;;;;;;;;;;;;;;;;;;;;;;;;;;;;;;;;;;;;;;;;;;;;;;;;;;;;;;;;;;;;;;;;;;;;;;;;;;;;;;;;;;;;;;;;;;;;;;;;;;;;;;;;;;;;;;;;;;;;;;;;;;;;;;;;;;;;;;;;;;;;;;;;;;;;;;;;;;;;;;;;;;;;;;;;;;;;;
;;Forza 10 Basic Best Breeders Mini Adult Agn/ris (ягненок-рис) 24/12;E01101090202;Корм для взрослых собак мелких пород из ягненка с рисом. Полнорационный, монобелковый. Поддержание прекрасного состояния здоровья собаки. ;20;5992;8020245711242;Forza10;5093,20;;;;;;;;;;;;;;;;;;;;;;;;;;;;;;;;;;;;;;;;;;;;;;;;;;;;;;;;;;;;;;;;;;;;;;;;;;;;;;;;;;;;;;;;;;;;;;;;;;;;;;;;;;;;;;;;;;;;;;;;;;;;;;;;;;;;;;;;;;;;;;;;;;;;;;;;;;;;;;;;;;;;;;;;;;;;;;;;;;;;;;;;;;;;;;;;;;;;;;;;;;;;;;;;;;;;;;;;;;;;;;;;;;;;;;;;;
;;Best Breeders pol/pesce Small/Medium (26/14) (курица-рыба);109040;"Полнорационный корм для взрослых собак мелких и средних пород на курице и рыбе. Рекомендуется:- для нормализации состояния кожи и шерсти; для собак с нарушением пищеварения; в летний период, когда количество аллергенов в окружающей среде повышено. Особая формула Омега 3:6 обеспечит эластичность кожи, блеск и фактуру красивой шерсти! МОС и ФОС поддерживают иммунитет и здоровье пищеварительного тракта.";20;5222;8020245101241;Forza10;4438,36;;;;;;;;;;;;;;;;;;;;;;;;;;;;;;;;;;;;;;;;;;;;;;;;;;;;;;;;;;;;;;;;;;;;;;;;;;;;;;;;;;;;;;;;;;;;;;;;;;;;;;;;;;;;;;;;;;;;;;;;;;;;;;;;;;;;;;;;;;;;;;;;;;;;;;;;;;;;;;;;;;;;;;;;;;;;;;;;;;;;;;;;;;;;;;;;;;;;;;;;;;;;;;;;;;;;;;;;;;;;;;;;;;;;;;;;;
;;Forza 10 Breeders Adult all pes/ris (25/13) (рыба/рис);109121; Корм для взрослых собак всех пород. Производится из морской рыбы и отборного риса с хорошей усваяемостью. В то же время корм способствует профилактики и лечению дисбактериоза, формируя нормальную бактериальную флору кишечника. Добавление в формулу рыбы и рыбьего жира, которые являются богатыми источниками ненасыщенных жирных кислот Омега-3, способствует правильной работе когнитивных функций организма, отличному состоянию кожи и шерсти. Натуральное консервирование продукта обеспечивается благодаря добавлению природных экстрактов токоферолов и розмарина. ;20;6409;8020245708426;Forza10;5447,91;;;;;;;;;;;;;;;;;;;;;;;;;;;;;;;;;;;;;;;;;;;;;;;;;;;;;;;;;;;;;;;;;;;;;;;;;;;;;;;;;;;;;;;;;;;;;;;;;;;;;;;;;;;;;;;;;;;;;;;;;;;;;;;;;;;;;;;;;;;;;;;;;;;;;;;;;;;;;;;;;;;;;;;;;;;;;;;;;;;;;;;;;;;;;;;;;;;;;;;;;;;;;;;;;;;;;;;;;;;;;;;;;;;;;;;;;
;;Best Breeders Adult  Medium  (25/12) (рыба);109024;Корм для взрослых собак средних пород из трески, голубого тунца и лосося. Монобелковый, полнорационный, гипоаллергенный. Повседневный корм. Особая формула Омега 3:6 обеспечит эластичность кожи, блеск и фактуру красивой шерсти!  МОС и ФОС поддерживают иммунитет и здоровье пищеварительного тракта. Для нормализации состояния кожи и шерсти собак с различными нарушениями пищеварения, склонностью к раздражению кожи, аллергиям. Идеальный корм для профессиональных питомников, так как формула позволит поддерживать всех собак питомника в шоу и племенных кондициях круглый год. ;20;5623;8020245101029;Forza10;4779,42;;;;;;;;;;;;;;;;;;;;;;;;;;;;;;;;;;;;;;;;;;;;;;;;;;;;;;;;;;;;;;;;;;;;;;;;;;;;;;;;;;;;;;;;;;;;;;;;;;;;;;;;;;;;;;;;;;;;;;;;;;;;;;;;;;;;;;;;;;;;;;;;;;;;;;;;;;;;;;;;;;;;;;;;;;;;;;;;;;;;;;;;;;;;;;;;;;;;;;;;;;;;;;;;;;;;;;;;;;;;;;;;;;;;;;;;;
;;Best Breeders Adult Maxi (28/18) (рыба);109021;Корм для взрослых собак крупных пород из трески, голубого тунца и лосося. Монобелковый, полнорационный, гипоаллергенный. Повседневный корм. Особая формула Омега 3:6 обеспечит эластичность кожи, блеск и фактуру красивой шерсти!  МОС и ФОС поддерживают иммунитет и здоровье пищеварительного тракта. Для нормализации состояния кожи и шерсти собак с различными нарушениями пищеварения, склонностью к раздражению кожи, аллергиям. Идеальный корм для профессиональных питомников, так как формула позволит поддерживать всех собак питомника в шоу и племенных кондициях круглый год. ;20;6484;8020245101036;Forza10;5511,57;;;;;;;;;;;;;;;;;;;;;;;;;;;;;;;;;;;;;;;;;;;;;;;;;;;;;;;;;;;;;;;;;;;;;;;;;;;;;;;;;;;;;;;;;;;;;;;;;;;;;;;;;;;;;;;;;;;;;;;;;;;;;;;;;;;;;;;;;;;;;;;;;;;;;;;;;;;;;;;;;;;;;;;;;;;;;;;;;;;;;;;;;;;;;;;;;;;;;;;;;;;;;;;;;;;;;;;;;;;;;;;;;;;;;;;;;
;;Best Breeder Adult pollo/pesce Large (27/17) (курица/рыба);109041;"Корм для взрослых собак крупных пород от 35 до 70кг. С курицей и рыбой, с добавлением папайи и эхинацеи. Для поддержания собаки в отличной физической форме, для привередливых собак, для собак с нарушением пищеварения.
";20;5222;8020245101258;Forza10;4438,36;;;;;;;;;;;;;;;;;;;;;;;;;;;;;;;;;;;;;;;;;;;;;;;;;;;;;;;;;;;;;;;;;;;;;;;;;;;;;;;;;;;;;;;;;;;;;;;;;;;;;;;;;;;;;;;;;;;;;;;;;;;;;;;;;;;;;;;;;;;;;;;;;;;;;;;;;;;;;;;;;;;;;;;;;;;;;;;;;;;;;;;;;;;;;;;;;;;;;;;;;;;;;;;;;;;;;;;;;;;;;;;;;;;;;;;;;
;;Best Breeders Adult All Breeds Cervo/Patate (Оленина/карт.)  26/15;109031;"Корм для взрослых собак всех пород из оленины и картофеля. Средняя крокета. Для лечения и профилактики пищевой аллергии и непереносимости, для нормализации состояния кожи и шерсти; для собак, склонных к расстройствам пищеварения";20;5778;8020245101074;Forza10;4911,30;;;;;;;;;;;;;;;;;;;;;;;;;;;;;;;;;;;;;;;;;;;;;;;;;;;;;;;;;;;;;;;;;;;;;;;;;;;;;;;;;;;;;;;;;;;;;;;;;;;;;;;;;;;;;;;;;;;;;;;;;;;;;;;;;;;;;;;;;;;;;;;;;;;;;;;;;;;;;;;;;;;;;;;;;;;;;;;;;;;;;;;;;;;;;;;;;;;;;;;;;;;;;;;;;;;;;;;;;;;;;;;;;;;;;;;;;
;;Basic Breeders All Breeds Pesce (23,5/13,5) (рыба);109043;Корм для взрослых собак всех пород из трески, голубого тунца и лосося. Поддерживает иммунитет благодаря МОС и ФОС в составе, а так же активным фитокомпонентам. За счет передовой формулы и состава идеально подходит профессиональным питомникам и позволит круглый год поддерживать собак в отличной племенной и шоу-кондиции. Особый баланс Омега 3:6 поддержит здоровье кожи и шерсти. Мощная матрица для улучшения фактуры шерсти и окраса.;20;4601;8020245101234;Forza10;3910,85;;;;;;;;;;;;;;;;;;;;;;;;;;;;;;;;;;;;;;;;;;;;;;;;;;;;;;;;;;;;;;;;;;;;;;;;;;;;;;;;;;;;;;;;;;;;;;;;;;;;;;;;;;;;;;;;;;;;;;;;;;;;;;;;;;;;;;;;;;;;;;;;;;;;;;;;;;;;;;;;;;;;;;;;;;;;;;;;;;;;;;;;;;;;;;;;;;;;;;;;;;;;;;;;;;;;;;;;;;;;;;;;;;;;;;;;;
;;Legend all breeds,;109220;Беззерновой корм  с повышенным содержанием белка (30%) для взрослых собак всех пород. Основной источник белка - морская рыба дикого вылова. Удовлетворяет потребности в высокобелковым калорийном корме. Содержит экстракты лекарственных растений для поддержания здоровья собаки.;20;7897;8020245707580;Forza10;6712,11;;;;;;;;;;;;;;;;;;;;;;;;;;;;;;;;;;;;;;;;;;;;;;;;;;;;;;;;;;;;;;;;;;;;;;;;;;;;;;;;;;;;;;;;;;;;;;;;;;;;;;;;;;;;;;;;;;;;;;;;;;;;;;;;;;;;;;;;;;;;;;;;;;;;;;;;;;;;;;;;;;;;;;;;;;;;;;;;;;;;;;;;;;;;;;;;;;;;;;;;;;;;;;;;;;;;;;;;;;;;;;;;;;;;;;;;;
;;Basic Breed Performance al pollo 29/18 (курица);109042;Корм для взрослых собак всех пород с повышенной активностью.;20;5190;8020245100909;Forza10;4411,08;;;;;;;;;;;;;;;;;;;;;;;;;;;;;;;;;;;;;;;;;;;;;;;;;;;;;;;;;;;;;;;;;;;;;;;;;;;;;;;;;;;;;;;;;;;;;;;;;;;;;;;;;;;;;;;;;;;;;;;;;;;;;;;;;;;;;;;;;;;;;;;;;;;;;;;;;;;;;;;;;;;;;;;;;;;;;;;;;;;;;;;;;;;;;;;;;;;;;;;;;;;;;;;;;;;;;;;;;;;;;;;;;;;;;;;;;
;;Adult All Breed agn/mcaps (26/16);109048;"Корм для взрослых собак всех пород из ягненка с микрокапсулами представляет собой корм с инновационной технологией микрокапсулирования. В микрокапсулы заключены папайа, ананас, гранат и женьшень, что позволяет усиливать действие формулы. Рекомендован для улучшения состояния кожи и шерсти;для собак с нарушением пищеварения;
Как здоровый вкусный корм из ягнёнка в качестве альтернативы.
";20;5778;8020245104273;Forza10;4911,30;;;;;;;;;;;;;;;;;;;;;;;;;;;;;;;;;;;;;;;;;;;;;;;;;;;;;;;;;;;;;;;;;;;;;;;;;;;;;;;;;;;;;;;;;;;;;;;;;;;;;;;;;;;;;;;;;;;;;;;;;;;;;;;;;;;;;;;;;;;;;;;;;;;;;;;;;;;;;;;;;;;;;;;;;;;;;;;;;;;;;;;;;;;;;;;;;;;;;;;;;;;;;;;;;;;;;;;;;;;;;;;;;;;;;;;;;
;;Breeders Basic pollo (25,5/12) (курица);109014;" Полнорационный, монобелковый. Рекомендуется для взрослых собак всех пород, испытывающих повышенные физические и энергетические нагрузки (охотничьи, пастушьи, служебные собаки); как ежедневный корм для собак всех размеров с хорошим состоянием здоровья; владельцам, которые хотят кормить свою собаку ""биологически чистым"" куриным мясом, выращенном на свободном выгуле солнечной Италии и произведенном на фабрике собственного производства.";20;4601;8020245104051   ;Forza10;3910,85;;;;;;;;;;;;;;;;;;;;;;;;;;;;;;;;;;;;;;;;;;;;;;;;;;;;;;;;;;;;;;;;;;;;;;;;;;;;;;;;;;;;;;;;;;;;;;;;;;;;;;;;;;;;;;;;;;;;;;;;;;;;;;;;;;;;;;;;;;;;;;;;;;;;;;;;;;;;;;;;;;;;;;;;;;;;;;;;;;;;;;;;;;;;;;;;;;;;;;;;;;;;;;;;;;;;;;;;;;;;;;;;;;;;;;;;;
;;"        Diet гипоаллергенная линия сухих кормов для собак из ингредиентов класса ""БИО""                          ";;;;;;;;;;;;;;;;;;;;;;;;;;;;;;;;;;;;;;;;;;;;;;;;;;;;;;;;;;;;;;;;;;;;;;;;;;;;;;;;;;;;;;;;;;;;;;;;;;;;;;;;;;;;;;;;;;;;;;;;;;;;;;;;;;;;;;;;;;;;;;;;;;;;;;;;;;;;;;;;;;;;;;;;;;;;;;;;;;;;;;;;;;;;;;;;;;;;;;;;;;;;;;;;;;;;;;;;;;;;;;;;;;;;;;;;;;;;;;;;
;;Puppy junior Diet Pesce (рыба) 30/15;Е002МС005;" Диетический полнорационный, монобелковый, гипоаллергеный корм для щенков всех пород и собак в период беременности и лактации. Характеризуеся высокой биологической ценностью входящих в его состав компонентов, легко усваивающихся организмом. В корм входит оптимальное количество ненасыщенных жирных кислот Омега3 из рыбьего жира для активного роста и развития щенка. Рекомендуется для профилактики и лечения пищевой аллергии и непереносимости ингредиентов кормов и питательных веществ, эффективно предупреждает патологии, связанные с повышенной чувствительностью к мясу, особенно промышленного производства.
";0,5;;;;0,00;;;;;;;;;;;;;;;;;;;;;;;;;;;;;;;;;;;;;;;;;;;;;;;;;;;;;;;;;;;;;;;;;;;;;;;;;;;;;;;;;;;;;;;;;;;;;;;;;;;;;;;;;;;;;;;;;;;;;;;;;;;;;;;;;;;;;;;;;;;;;;;;;;;;;;;;;;;;;;;;;;;;;;;;;;;;;;;;;;;;;;;;;;;;;;;;;;;;;;;;;;;;;;;;;;;;;;;;;;;;;;;;;;;;;;;;;
;;;108115;;1,5;808;8020245011694;Forza10;686,67;;;;;;;;;;;;;;;;;;;;;;;;;;;;;;;;;;;;;;;;;;;;;;;;;;;;;;;;;;;;;;;;;;;;;;;;;;;;;;;;;;;;;;;;;;;;;;;;;;;;;;;;;;;;;;;;;;;;;;;;;;;;;;;;;;;;;;;;;;;;;;;;;;;;;;;;;;;;;;;;;;;;;;;;;;;;;;;;;;;;;;;;;;;;;;;;;;;;;;;;;;;;;;;;;;;;;;;;;;;;;;;;;;;;;;;;;
;;Mini Diet Pesce (рыба) 26/13;101400;Корм для взрослых собак мелких пород. Монобелковый, полнорационный, гипоаллергенный корм из морской рыбы с микрокапсулами, являющейся источником белка высокой биологической ценности с хорошей перевариваемостью и усваиваемостью.;0,4;251;8020245011700;Forza10;213,73;;;;;;;;;;;;;;;;;;;;;;;;;;;;;;;;;;;;;;;;;;;;;;;;;;;;;;;;;;;;;;;;;;;;;;;;;;;;;;;;;;;;;;;;;;;;;;;;;;;;;;;;;;;;;;;;;;;;;;;;;;;;;;;;;;;;;;;;;;;;;;;;;;;;;;;;;;;;;;;;;;;;;;;;;;;;;;;;;;;;;;;;;;;;;;;;;;;;;;;;;;;;;;;;;;;;;;;;;;;;;;;;;;;;;;;;;
;;;101115;;1,5;701;8020245011717;Forza10;595,72;;;;;;;;;;;;;;;;;;;;;;;;;;;;;;;;;;;;;;;;;;;;;;;;;;;;;;;;;;;;;;;;;;;;;;;;;;;;;;;;;;;;;;;;;;;;;;;;;;;;;;;;;;;;;;;;;;;;;;;;;;;;;;;;;;;;;;;;;;;;;;;;;;;;;;;;;;;;;;;;;;;;;;;;;;;;;;;;;;;;;;;;;;;;;;;;;;;;;;;;;;;;;;;;;;;;;;;;;;;;;;;;;;;;;;;;;
;;Medium Diet Pesce (рыба) 24/11;103115;Корм для взрослых собак средних пород из океанической рыбы с микрокапсулами. Монобелковый, Полнорационный, гипоаллергенный. Для чувствительных собак средних пород с пищевой непереносимостью мяса промышленного производства.Для сокращения пищевой аллергии и непереносимости ингредиентов корма и питательных веществ.;1,5;696;8020245011724;Forza10;591,18;;;;;;;;;;;;;;;;;;;;;;;;;;;;;;;;;;;;;;;;;;;;;;;;;;;;;;;;;;;;;;;;;;;;;;;;;;;;;;;;;;;;;;;;;;;;;;;;;;;;;;;;;;;;;;;;;;;;;;;;;;;;;;;;;;;;;;;;;;;;;;;;;;;;;;;;;;;;;;;;;;;;;;;;;;;;;;;;;;;;;;;;;;;;;;;;;;;;;;;;;;;;;;;;;;;;;;;;;;;;;;;;;;;;;;;;;
;;;103012;;12;4034;8020245011731;Forza10;3428,82;;;;;;;;;;;;;;;;;;;;;;;;;;;;;;;;;;;;;;;;;;;;;;;;;;;;;;;;;;;;;;;;;;;;;;;;;;;;;;;;;;;;;;;;;;;;;;;;;;;;;;;;;;;;;;;;;;;;;;;;;;;;;;;;;;;;;;;;;;;;;;;;;;;;;;;;;;;;;;;;;;;;;;;;;;;;;;;;;;;;;;;;;;;;;;;;;;;;;;;;;;;;;;;;;;;;;;;;;;;;;;;;;;;;;;;;;
;;Medium Diet Agnello (ягненок) 24/12;116115;"Корм для взрослых собак средних пород из ягненка с микрокапсулами. Монобелковый, полнорационный, гипоаллергенный. Это десенсибилизирующая диета, разработанная для собак с высоким уровень чувствительности к мясу промышленного производства. Рекомендуется для профилактики и лечения пищевой аллергии и непереносимости ингредиентов кормов и питательных веществ.

";1,5;728;8020245011809;Forza10;618,46;;;;;;;;;;;;;;;;;;;;;;;;;;;;;;;;;;;;;;;;;;;;;;;;;;;;;;;;;;;;;;;;;;;;;;;;;;;;;;;;;;;;;;;;;;;;;;;;;;;;;;;;;;;;;;;;;;;;;;;;;;;;;;;;;;;;;;;;;;;;;;;;;;;;;;;;;;;;;;;;;;;;;;;;;;;;;;;;;;;;;;;;;;;;;;;;;;;;;;;;;;;;;;;;;;;;;;;;;;;;;;;;;;;;;;;;;
;;;116012;;12;4162;8020245011816;Forza10;3537,96;;;;;;;;;;;;;;;;;;;;;;;;;;;;;;;;;;;;;;;;;;;;;;;;;;;;;;;;;;;;;;;;;;;;;;;;;;;;;;;;;;;;;;;;;;;;;;;;;;;;;;;;;;;;;;;;;;;;;;;;;;;;;;;;;;;;;;;;;;;;;;;;;;;;;;;;;;;;;;;;;;;;;;;;;;;;;;;;;;;;;;;;;;;;;;;;;;;;;;;;;;;;;;;;;;;;;;;;;;;;;;;;;;;;;;;;;
;;Medium Diet Cervo/Patate (оленина/карт.) 25/12;110115;Корм для взрослых собак средних пород из оленины с картофелем. Монобелковый, полнорационный, гипоаллергенный с микрокапсулами, которые обеспечивают сохранность природных компонентов добавленных в формулу (ананас, папайя, гранат и женьшень), а также их медленное высвобождение и постепенное усваивание в желудочно-кишечном тракте, что гарантирует более устойчивый эффект.Оленина - источник белка высокой биологической ценности с хорошей перевариваемостью и усваяемостью.;1,5;701;8020245011762;Forza10;595,72;;;;;;;;;;;;;;;;;;;;;;;;;;;;;;;;;;;;;;;;;;;;;;;;;;;;;;;;;;;;;;;;;;;;;;;;;;;;;;;;;;;;;;;;;;;;;;;;;;;;;;;;;;;;;;;;;;;;;;;;;;;;;;;;;;;;;;;;;;;;;;;;;;;;;;;;;;;;;;;;;;;;;;;;;;;;;;;;;;;;;;;;;;;;;;;;;;;;;;;;;;;;;;;;;;;;;;;;;;;;;;;;;;;;;;;;;
;;;110012;;12;3991;8020245011779;Forza10;3392,44;;;;;;;;;;;;;;;;;;;;;;;;;;;;;;;;;;;;;;;;;;;;;;;;;;;;;;;;;;;;;;;;;;;;;;;;;;;;;;;;;;;;;;;;;;;;;;;;;;;;;;;;;;;;;;;;;;;;;;;;;;;;;;;;;;;;;;;;;;;;;;;;;;;;;;;;;;;;;;;;;;;;;;;;;;;;;;;;;;;;;;;;;;;;;;;;;;;;;;;;;;;;;;;;;;;;;;;;;;;;;;;;;;;;;;;;;
;;Medium Diet Low Grain Cav pis 26/14 (конина, горох и рис);110315;Корм для взрослых собак средних породиз конины, гороха и риса. Для сокращения пищевой аллергии и непереносимости ингредиентов корма и питательных веществ. Монобелковый, гипоаллергенный с микрокапсулами.;1,5;760;8020245709386;Forza10;645,75;;;;;;;;;;;;;;;;;;;;;;;;;;;;;;;;;;;;;;;;;;;;;;;;;;;;;;;;;;;;;;;;;;;;;;;;;;;;;;;;;;;;;;;;;;;;;;;;;;;;;;;;;;;;;;;;;;;;;;;;;;;;;;;;;;;;;;;;;;;;;;;;;;;;;;;;;;;;;;;;;;;;;;;;;;;;;;;;;;;;;;;;;;;;;;;;;;;;;;;;;;;;;;;;;;;;;;;;;;;;;;;;;;;;;;;;;
;;;110312;;12;4269;8020245709393;Forza10;3628,91;;;;;;;;;;;;;;;;;;;;;;;;;;;;;;;;;;;;;;;;;;;;;;;;;;;;;;;;;;;;;;;;;;;;;;;;;;;;;;;;;;;;;;;;;;;;;;;;;;;;;;;;;;;;;;;;;;;;;;;;;;;;;;;;;;;;;;;;;;;;;;;;;;;;;;;;;;;;;;;;;;;;;;;;;;;;;;;;;;;;;;;;;;;;;;;;;;;;;;;;;;;;;;;;;;;;;;;;;;;;;;;;;;;;;;;;;
;;Medium Diet Low Grain Maiale pat 25/14,5 (cвинина, картофель, рис);110415;Корм для взрослых собак средних пород из свинины, картофеля и риса. Для сокращения пищевой аллергии и непереносимости ингредиентов корма и питательных веществ. Монобелковый, гипоаллергенный с микрокапсулами.;1,5;733;8020245709409;Forza10;623,01;;;;;;;;;;;;;;;;;;;;;;;;;;;;;;;;;;;;;;;;;;;;;;;;;;;;;;;;;;;;;;;;;;;;;;;;;;;;;;;;;;;;;;;;;;;;;;;;;;;;;;;;;;;;;;;;;;;;;;;;;;;;;;;;;;;;;;;;;;;;;;;;;;;;;;;;;;;;;;;;;;;;;;;;;;;;;;;;;;;;;;;;;;;;;;;;;;;;;;;;;;;;;;;;;;;;;;;;;;;;;;;;;;;;;;;;;
;;;110412;;12;3927;8020245709416;Forza10;3337,87;;;;;;;;;;;;;;;;;;;;;;;;;;;;;;;;;;;;;;;;;;;;;;;;;;;;;;;;;;;;;;;;;;;;;;;;;;;;;;;;;;;;;;;;;;;;;;;;;;;;;;;;;;;;;;;;;;;;;;;;;;;;;;;;;;;;;;;;;;;;;;;;;;;;;;;;;;;;;;;;;;;;;;;;;;;;;;;;;;;;;;;;;;;;;;;;;;;;;;;;;;;;;;;;;;;;;;;;;;;;;;;;;;;;;;;;;
;;Maxi Diet Pesce (рыба) 26/13;104012;Корм для взрослых собак крупных пород из океанической рыбы. Монобелковый, полнорационный, гипоаллергенный с микрокапсулами, которые обеспечивают сохранность природных компонентов добавленных в формулу (ананас, папайя, гранат и женьшень), а также их медленное высвобождение и постепенное усвоение в желудочно-кишечном тракте, что гарантирует более устойчивый эффект. К изначальной формуле, с соотношением Омега-3 и Омега-6 жирных кислот 1:3.;12;4237;8020245011755;Forza10;3601,62;;;;;;;;;;;;;;;;;;;;;;;;;;;;;;;;;;;;;;;;;;;;;;;;;;;;;;;;;;;;;;;;;;;;;;;;;;;;;;;;;;;;;;;;;;;;;;;;;;;;;;;;;;;;;;;;;;;;;;;;;;;;;;;;;;;;;;;;;;;;;;;;;;;;;;;;;;;;;;;;;;;;;;;;;;;;;;;;;;;;;;;;;;;;;;;;;;;;;;;;;;;;;;;;;;;;;;;;;;;;;;;;;;;;;;;;;
;;                  Active Line ветеринарная линия сухих кормов на рыбе для собак (лечение и профилактика);;;;;;;;;;;;;;;;;;;;;;;;;;;;;;;;;;;;;;;;;;;;;;;;;;;;;;;;;;;;;;;;;;;;;;;;;;;;;;;;;;;;;;;;;;;;;;;;;;;;;;;;;;;;;;;;;;;;;;;;;;;;;;;;;;;;;;;;;;;;;;;;;;;;;;;;;;;;;;;;;;;;;;;;;;;;;;;;;;;;;;;;;;;;;;;;;;;;;;;;;;;;;;;;;;;;;;;;;;;;;;;;;;;;;;;;;;;;;;;;
;;Puppy Condro Active (рыба) 32/16;914010;Корм для щенков всех пород с проблемами опорно-двигательного аппарата. профилактика заболеваний суставов в период роста щенка, гармоничное развитие, щенки, склонные к дисплазии, после травм и операций на суставах, костях.;10;5157;8020245100916;Forza10;4383,79;;;;;;;;;;;;;;;;;;;;;;;;;;;;;;;;;;;;;;;;;;;;;;;;;;;;;;;;;;;;;;;;;;;;;;;;;;;;;;;;;;;;;;;;;;;;;;;;;;;;;;;;;;;;;;;;;;;;;;;;;;;;;;;;;;;;;;;;;;;;;;;;;;;;;;;;;;;;;;;;;;;;;;;;;;;;;;;;;;;;;;;;;;;;;;;;;;;;;;;;;;;;;;;;;;;;;;;;;;;;;;;;;;;;;;;;;
;;;;;;0;;;0,00;;;;;;;;;;;;;;;;;;;;;;;;;;;;;;;;;;;;;;;;;;;;;;;;;;;;;;;;;;;;;;;;;;;;;;;;;;;;;;;;;;;;;;;;;;;;;;;;;;;;;;;;;;;;;;;;;;;;;;;;;;;;;;;;;;;;;;;;;;;;;;;;;;;;;;;;;;;;;;;;;;;;;;;;;;;;;;;;;;;;;;;;;;;;;;;;;;;;;;;;;;;;;;;;;;;;;;;;;;;;;;;;;;;;;;;;;
;;;109037;;20;7811;8020245104068;Forza10;6639,35;;;;;;;;;;;;;;;;;;;;;;;;;;;;;;;;;;;;;;;;;;;;;;;;;;;;;;;;;;;;;;;;;;;;;;;;;;;;;;;;;;;;;;;;;;;;;;;;;;;;;;;;;;;;;;;;;;;;;;;;;;;;;;;;;;;;;;;;;;;;;;;;;;;;;;;;;;;;;;;;;;;;;;;;;;;;;;;;;;;;;;;;;;;;;;;;;;;;;;;;;;;;;;;;;;;;;;;;;;;;;;;;;;;;;;;;;
;;Condro Adult;109156;Корм для взрослых собак всех пород при проблемах опорно-двигательного аппарата. Рекомендован взрослым собакам после травм, операций на суставах, костях и связках. ;10;5050;8020245202740;;4292,84;;;;;;;;;;;;;;;;;;;;;;;;;;;;;;;;;;;;;;;;;;;;;;;;;;;;;;;;;;;;;;;;;;;;;;;;;;;;;;;;;;;;;;;;;;;;;;;;;;;;;;;;;;;;;;;;;;;;;;;;;;;;;;;;;;;;;;;;;;;;;;;;;;;;;;;;;;;;;;;;;;;;;;;;;;;;;;;;;;;;;;;;;;;;;;;;;;;;;;;;;;;;;;;;;;;;;;;;;;;;;;;;;;;;;;;;;
;;Oto Active (рыба) 26/13;902014;Корм для взрослых собак всех пород с  заболеванием слуховых органов. Все формы отитов аллергического происхождения, как поддерживающий корм при любых заболеваниях ушей.;0,15;0;8020245100503;Forza10;0,00;;;;;;;;;;;;;;;;;;;;;;;;;;;;;;;;;;;;;;;;;;;;;;;;;;;;;;;;;;;;;;;;;;;;;;;;;;;;;;;;;;;;;;;;;;;;;;;;;;;;;;;;;;;;;;;;;;;;;;;;;;;;;;;;;;;;;;;;;;;;;;;;;;;;;;;;;;;;;;;;;;;;;;;;;;;;;;;;;;;;;;;;;;;;;;;;;;;;;;;;;;;;;;;;;;;;;;;;;;;;;;;;;;;;;;;;;
;;;902004;;4;2065;8020245100527;;1755,34;;;;;;;;;;;;;;;;;;;;;;;;;;;;;;;;;;;;;;;;;;;;;;;;;;;;;;;;;;;;;;;;;;;;;;;;;;;;;;;;;;;;;;;;;;;;;;;;;;;;;;;;;;;;;;;;;;;;;;;;;;;;;;;;;;;;;;;;;;;;;;;;;;;;;;;;;;;;;;;;;;;;;;;;;;;;;;;;;;;;;;;;;;;;;;;;;;;;;;;;;;;;;;;;;;;;;;;;;;;;;;;;;;;;;;;;;
;;;902010;;10;4687;8020245100466;Forza10;3983,61;;;;;;;;;;;;;;;;;;;;;;;;;;;;;;;;;;;;;;;;;;;;;;;;;;;;;;;;;;;;;;;;;;;;;;;;;;;;;;;;;;;;;;;;;;;;;;;;;;;;;;;;;;;;;;;;;;;;;;;;;;;;;;;;;;;;;;;;;;;;;;;;;;;;;;;;;;;;;;;;;;;;;;;;;;;;;;;;;;;;;;;;;;;;;;;;;;;;;;;;;;;;;;;;;;;;;;;;;;;;;;;;;;;;;;;;;
;;Dermo Active (рыба/карт.) 26/13;903150;Корм для взрослых собак всех пород с патологиями кожного покрова. Аллергические реакции на коже, при проблемах кожи (зуд, перхоть, дерматиты, себорея, пиодермия, тусклая шерсть, выпадение шерсти), при паразитарных заболеваниях как поддерживающий корм.;0,15;0;8020245100565;;0,00;;;;;;;;;;;;;;;;;;;;;;;;;;;;;;;;;;;;;;;;;;;;;;;;;;;;;;;;;;;;;;;;;;;;;;;;;;;;;;;;;;;;;;;;;;;;;;;;;;;;;;;;;;;;;;;;;;;;;;;;;;;;;;;;;;;;;;;;;;;;;;;;;;;;;;;;;;;;;;;;;;;;;;;;;;;;;;;;;;;;;;;;;;;;;;;;;;;;;;;;;;;;;;;;;;;;;;;;;;;;;;;;;;;;;;;;;
;;;903004;;4;2247;8020245100589;Forza10;1909,95;;;;;;;;;;;;;;;;;;;;;;;;;;;;;;;;;;;;;;;;;;;;;;;;;;;;;;;;;;;;;;;;;;;;;;;;;;;;;;;;;;;;;;;;;;;;;;;;;;;;;;;;;;;;;;;;;;;;;;;;;;;;;;;;;;;;;;;;;;;;;;;;;;;;;;;;;;;;;;;;;;;;;;;;;;;;;;;;;;;;;;;;;;;;;;;;;;;;;;;;;;;;;;;;;;;;;;;;;;;;;;;;;;;;;;;;;
;;;903010;;10;5136;8020245100473;;4365,60;;;;;;;;;;;;;;;;;;;;;;;;;;;;;;;;;;;;;;;;;;;;;;;;;;;;;;;;;;;;;;;;;;;;;;;;;;;;;;;;;;;;;;;;;;;;;;;;;;;;;;;;;;;;;;;;;;;;;;;;;;;;;;;;;;;;;;;;;;;;;;;;;;;;;;;;;;;;;;;;;;;;;;;;;;;;;;;;;;;;;;;;;;;;;;;;;;;;;;;;;;;;;;;;;;;;;;;;;;;;;;;;;;;;;;;;;
;;Depura Active (рыба) 24/12;909010;Корм для взрослых собак всех пород, защита от свободных радикалов и загрязнений окружающей среды. Для замедления процессов клеточного старения, в послеоперационный период, а также для восстановления после заболеваний, для снижения побочных действий фармакологических препаратов, для рабочих и выставочных собак в период восстановления после длительных стрессов и нагрузок.;10;5585;8020245100633;Forza10;4747,59;;;;;;;;;;;;;;;;;;;;;;;;;;;;;;;;;;;;;;;;;;;;;;;;;;;;;;;;;;;;;;;;;;;;;;;;;;;;;;;;;;;;;;;;;;;;;;;;;;;;;;;;;;;;;;;;;;;;;;;;;;;;;;;;;;;;;;;;;;;;;;;;;;;;;;;;;;;;;;;;;;;;;;;;;;;;;;;;;;;;;;;;;;;;;;;;;;;;;;;;;;;;;;;;;;;;;;;;;;;;;;;;;;;;;;;;;
;;Defense Active(Immuno) (рыба);924010;Корм для взрослых собак всех пород  при нарушениях иммунной системы: стрессы, инфекции, опухоли, диабет, вирусные, аутоиммунные заболевания.;10;6024;8020245203815;;5120,49;;;;;;;;;;;;;;;;;;;;;;;;;;;;;;;;;;;;;;;;;;;;;;;;;;;;;;;;;;;;;;;;;;;;;;;;;;;;;;;;;;;;;;;;;;;;;;;;;;;;;;;;;;;;;;;;;;;;;;;;;;;;;;;;;;;;;;;;;;;;;;;;;;;;;;;;;;;;;;;;;;;;;;;;;;;;;;;;;;;;;;;;;;;;;;;;;;;;;;;;;;;;;;;;;;;;;;;;;;;;;;;;;;;;;;;;;
;;Oral Active (рыба) 24/12;908004;Корм для взрослых собак всех пород с проблемами ротовой полости и верхних дыхательных путей. Неприятный запах изо рта, зубной камень, гингивит, стоматит, ларингит и трахеит.;4;1840;8020245100619;Forza10;1564,34;;;;;;;;;;;;;;;;;;;;;;;;;;;;;;;;;;;;;;;;;;;;;;;;;;;;;;;;;;;;;;;;;;;;;;;;;;;;;;;;;;;;;;;;;;;;;;;;;;;;;;;;;;;;;;;;;;;;;;;;;;;;;;;;;;;;;;;;;;;;;;;;;;;;;;;;;;;;;;;;;;;;;;;;;;;;;;;;;;;;;;;;;;;;;;;;;;;;;;;;;;;;;;;;;;;;;;;;;;;;;;;;;;;;;;;;;
;;Weight Control Active (рыба) 19/7,9;910004;"Корм для взрослых собак всех пород при нарушениях обмена жиров и углеводов (ожирение, диабет). Контроль содержания глюкозы (сахарный диабет), регуляция обмена жиров в случае гиперлипидемии, сокращения избыточного веса, лечение и профилактика пищевых аллергий и непереносимости.
";4;2129;8020245100800;;1809,91;;;;;;;;;;;;;;;;;;;;;;;;;;;;;;;;;;;;;;;;;;;;;;;;;;;;;;;;;;;;;;;;;;;;;;;;;;;;;;;;;;;;;;;;;;;;;;;;;;;;;;;;;;;;;;;;;;;;;;;;;;;;;;;;;;;;;;;;;;;;;;;;;;;;;;;;;;;;;;;;;;;;;;;;;;;;;;;;;;;;;;;;;;;;;;;;;;;;;;;;;;;;;;;;;;;;;;;;;;;;;;;;;;;;;;;;;
;;Renal Active (рыба) 14/17;913004;Корм для взрослых собак всех пород при острой и хронической почечной недостаточности, хронической сердечной недостаточности. Поддержание функции почек благодаря пониженному содержанию белков высокого качества и низкой концентрации фосфора.;4;2258;8020245100893;Forza10;1919,05;;;;;;;;;;;;;;;;;;;;;;;;;;;;;;;;;;;;;;;;;;;;;;;;;;;;;;;;;;;;;;;;;;;;;;;;;;;;;;;;;;;;;;;;;;;;;;;;;;;;;;;;;;;;;;;;;;;;;;;;;;;;;;;;;;;;;;;;;;;;;;;;;;;;;;;;;;;;;;;;;;;;;;;;;;;;;;;;;;;;;;;;;;;;;;;;;;;;;;;;;;;;;;;;;;;;;;;;;;;;;;;;;;;;;;;;;
;;Armonia (рыба);E0020922004;Корм для взрослых собак всех пород с поведенческими проблемами. Поддерживает нормальное психоэмоциональное состояние собаки. Для восстановления и поддержания стабильного физического и психического состояния собак.;4;2568;8020245202252;;2182,80;;;;;;;;;;;;;;;;;;;;;;;;;;;;;;;;;;;;;;;;;;;;;;;;;;;;;;;;;;;;;;;;;;;;;;;;;;;;;;;;;;;;;;;;;;;;;;;;;;;;;;;;;;;;;;;;;;;;;;;;;;;;;;;;;;;;;;;;;;;;;;;;;;;;;;;;;;;;;;;;;;;;;;;;;;;;;;;;;;;;;;;;;;;;;;;;;;;;;;;;;;;;;;;;;;;;;;;;;;;;;;;;;;;;;;;;;
;;Intestinal Active (рыба) 24/12;907150;"Корм для взрослых собак всех пород при проблемах пищеварения (рвота, вздутие кишечника, диарея и запор); восстановление всасывания в кишечнике, компенсация недостаточности поджелудочной железы.";0,15;0;8020245100534;Forza10;0,00;;;;;;;;;;;;;;;;;;;;;;;;;;;;;;;;;;;;;;;;;;;;;;;;;;;;;;;;;;;;;;;;;;;;;;;;;;;;;;;;;;;;;;;;;;;;;;;;;;;;;;;;;;;;;;;;;;;;;;;;;;;;;;;;;;;;;;;;;;;;;;;;;;;;;;;;;;;;;;;;;;;;;;;;;;;;;;;;;;;;;;;;;;;;;;;;;;;;;;;;;;;;;;;;;;;;;;;;;;;;;;;;;;;;;;;;;
;;;904004;;4;2028;8020245100558;;1723,50;;;;;;;;;;;;;;;;;;;;;;;;;;;;;;;;;;;;;;;;;;;;;;;;;;;;;;;;;;;;;;;;;;;;;;;;;;;;;;;;;;;;;;;;;;;;;;;;;;;;;;;;;;;;;;;;;;;;;;;;;;;;;;;;;;;;;;;;;;;;;;;;;;;;;;;;;;;;;;;;;;;;;;;;;;;;;;;;;;;;;;;;;;;;;;;;;;;;;;;;;;;;;;;;;;;;;;;;;;;;;;;;;;;;;;;;;
;;;904010;;10;4622;8020245100480;Forza10;3929,04;;;;;;;;;;;;;;;;;;;;;;;;;;;;;;;;;;;;;;;;;;;;;;;;;;;;;;;;;;;;;;;;;;;;;;;;;;;;;;;;;;;;;;;;;;;;;;;;;;;;;;;;;;;;;;;;;;;;;;;;;;;;;;;;;;;;;;;;;;;;;;;;;;;;;;;;;;;;;;;;;;;;;;;;;;;;;;;;;;;;;;;;;;;;;;;;;;;;;;;;;;;;;;;;;;;;;;;;;;;;;;;;;;;;;;;;;
;;Intestinal Colitis fase I sacco (рыба);E0020912004;Корм для взрослых собак всех пород, ЛЕЧЕНИЕ колитов. В качестве пищевого инструмента для борьбы с хроническими колитами, восстановление кишечной адсорбции благодаря отборному источнику белков и высокому содержанию клетчатки, для предотвращения потерь макро и микро-питательных веществ благодаря высокому содержанию электролитов, для улучшения общего состояния собаки.;4;2782;8020245104129;;2364,70;;;;;;;;;;;;;;;;;;;;;;;;;;;;;;;;;;;;;;;;;;;;;;;;;;;;;;;;;;;;;;;;;;;;;;;;;;;;;;;;;;;;;;;;;;;;;;;;;;;;;;;;;;;;;;;;;;;;;;;;;;;;;;;;;;;;;;;;;;;;;;;;;;;;;;;;;;;;;;;;;;;;;;;;;;;;;;;;;;;;;;;;;;;;;;;;;;;;;;;;;;;;;;;;;;;;;;;;;;;;;;;;;;;;;;;;;
;;;;;10;5329;;Forza10;4529,31;;;;;;;;;;;;;;;;;;;;;;;;;;;;;;;;;;;;;;;;;;;;;;;;;;;;;;;;;;;;;;;;;;;;;;;;;;;;;;;;;;;;;;;;;;;;;;;;;;;;;;;;;;;;;;;;;;;;;;;;;;;;;;;;;;;;;;;;;;;;;;;;;;;;;;;;;;;;;;;;;;;;;;;;;;;;;;;;;;;;;;;;;;;;;;;;;;;;;;;;;;;;;;;;;;;;;;;;;;;;;;;;;;;;;;;;;
;;Intestinal Colitis fase II sacco (рыба);E0020912104;Корм для взрослых собак всех пород, ПРОФИЛАКТИКА колитов. Компенсация нарушенного пищеварения, борьба с пищевой непереносимостью, где орган-мишень желудочно-кишечный тракт, восстановления механизмов нормального всасывания в кишечнике, при экзокринной недостаточности поджелудочной железы. ;4;2482;8020245104198;;2110,04;;;;;;;;;;;;;;;;;;;;;;;;;;;;;;;;;;;;;;;;;;;;;;;;;;;;;;;;;;;;;;;;;;;;;;;;;;;;;;;;;;;;;;;;;;;;;;;;;;;;;;;;;;;;;;;;;;;;;;;;;;;;;;;;;;;;;;;;;;;;;;;;;;;;;;;;;;;;;;;;;;;;;;;;;;;;;;;;;;;;;;;;;;;;;;;;;;;;;;;;;;;;;;;;;;;;;;;;;;;;;;;;;;;;;;;;;
;;;;;10;6260;;Forza10;5320,58;;;;;;;;;;;;;;;;;;;;;;;;;;;;;;;;;;;;;;;;;;;;;;;;;;;;;;;;;;;;;;;;;;;;;;;;;;;;;;;;;;;;;;;;;;;;;;;;;;;;;;;;;;;;;;;;;;;;;;;;;;;;;;;;;;;;;;;;;;;;;;;;;;;;;;;;;;;;;;;;;;;;;;;;;;;;;;;;;;;;;;;;;;;;;;;;;;;;;;;;;;;;;;;;;;;;;;;;;;;;;;;;;;;;;;;;;
;;Reproduction Female Active (рыба);109120;Корм для сук с репродуктивными проблемами. Поддержание репродуктивной функции и физиологической подготовки суки к оплодотворению и беременности, при склонности к нарушениям половых циклов и нерегулярных течках.;20;7907;8020245104099;;6721,21;;;;;;;;;;;;;;;;;;;;;;;;;;;;;;;;;;;;;;;;;;;;;;;;;;;;;;;;;;;;;;;;;;;;;;;;;;;;;;;;;;;;;;;;;;;;;;;;;;;;;;;;;;;;;;;;;;;;;;;;;;;;;;;;;;;;;;;;;;;;;;;;;;;;;;;;;;;;;;;;;;;;;;;;;;;;;;;;;;;;;;;;;;;;;;;;;;;;;;;;;;;;;;;;;;;;;;;;;;;;;;;;;;;;;;;;;
;;Reproduction Male Active (рыба);109034;Корм для поддержания и улучшения репродуктивной функции кобелей. Защита мочеполовой системы. Способствует улучшению фертильности.;20;7907;8020245104082;Forza10;6721,21;;;;;;;;;;;;;;;;;;;;;;;;;;;;;;;;;;;;;;;;;;;;;;;;;;;;;;;;;;;;;;;;;;;;;;;;;;;;;;;;;;;;;;;;;;;;;;;;;;;;;;;;;;;;;;;;;;;;;;;;;;;;;;;;;;;;;;;;;;;;;;;;;;;;;;;;;;;;;;;;;;;;;;;;;;;;;;;;;;;;;;;;;;;;;;;;;;;;;;;;;;;;;;;;;;;;;;;;;;;;;;;;;;;;;;;;;
;;LUX Active cane (Ophtalmic) (рыба);923004;Корм для взрослых собак всех пород с  поражением глазной системы. Слезотечение, покраснение, поражение роговицы, конъюнктивиты, гиперпигментация.;4;2729;8020245202269;;2319,23;;;;;;;;;;;;;;;;;;;;;;;;;;;;;;;;;;;;;;;;;;;;;;;;;;;;;;;;;;;;;;;;;;;;;;;;;;;;;;;;;;;;;;;;;;;;;;;;;;;;;;;;;;;;;;;;;;;;;;;;;;;;;;;;;;;;;;;;;;;;;;;;;;;;;;;;;;;;;;;;;;;;;;;;;;;;;;;;;;;;;;;;;;;;;;;;;;;;;;;;;;;;;;;;;;;;;;;;;;;;;;;;;;;;;;;;;
;;Legend -беззерновая линейка ( Голубой анчоус, картофель, горох и органическая курица);;;;;;;;;;;;;;;;;;;;;;;;;;;;;;;;;;;;;;;;;;;;;;;;;;;;;;;;;;;;;;;;;;;;;;;;;;;;;;;;;;;;;;;;;;;;;;;;;;;;;;;;;;;;;;;;;;;;;;;;;;;;;;;;;;;;;;;;;;;;;;;;;;;;;;;;;;;;;;;;;;;;;;;;;;;;;;;;;;;;;;;;;;;;;;;;;;;;;;;;;;;;;;;;;;;;;;;;;;;;;;;;;;;;;;;;;;;;;;;;
;;Legend Skin (анчоус/горох/картофель)30/17,5;E0030102005;"Подходит для кормления как взрослых здоровых собак,так и собак с  чувствительной кожей и проблемами шерсти.Корм содержит смесь натуральных экстрактов шиповника, шалфея и клюквы,которые известны своим положительным действием на кожу и шерсть. Корм показан как для поддержания и/или улучшения блеска шерстного покрова и здоровья кожи, так и при наиболее неприятных нарушениях (слёзные дорожки, неприятный запах от кожи, интенсивный зуд, сухая и тусклая шерсть, перхоть, постоянная линька, нарушение линьки, постоянное разлизывание лап и локальные покраснения). Может применяться для активных собак.
";2,25;1541;8020245708396;Forza10;1309,68;;;;;;;;;;;;;;;;;;;;;;;;;;;;;;;;;;;;;;;;;;;;;;;;;;;;;;;;;;;;;;;;;;;;;;;;;;;;;;;;;;;;;;;;;;;;;;;;;;;;;;;;;;;;;;;;;;;;;;;;;;;;;;;;;;;;;;;;;;;;;;;;;;;;;;;;;;;;;;;;;;;;;;;;;;;;;;;;;;;;;;;;;;;;;;;;;;;;;;;;;;;;;;;;;;;;;;;;;;;;;;;;;;;;;;;;;
;;;;;;;;;0,00;;;;;;;;;;;;;;;;;;;;;;;;;;;;;;;;;;;;;;;;;;;;;;;;;;;;;;;;;;;;;;;;;;;;;;;;;;;;;;;;;;;;;;;;;;;;;;;;;;;;;;;;;;;;;;;;;;;;;;;;;;;;;;;;;;;;;;;;;;;;;;;;;;;;;;;;;;;;;;;;;;;;;;;;;;;;;;;;;;;;;;;;;;;;;;;;;;;;;;;;;;;;;;;;;;;;;;;;;;;;;;;;;;;;;;;;;
;;;302015;;6,8;3815;8020245708402;Forza10;3242,37;;;;;;;;;;;;;;;;;;;;;;;;;;;;;;;;;;;;;;;;;;;;;;;;;;;;;;;;;;;;;;;;;;;;;;;;;;;;;;;;;;;;;;;;;;;;;;;;;;;;;;;;;;;;;;;;;;;;;;;;;;;;;;;;;;;;;;;;;;;;;;;;;;;;;;;;;;;;;;;;;;;;;;;;;;;;;;;;;;;;;;;;;;;;;;;;;;;;;;;;;;;;;;;;;;;;;;;;;;;;;;;;;;;;;;;;;
;;;E0030102002;;0,9;744;8020245707801;;632,10;;;;;;;;;;;;;;;;;;;;;;;;;;;;;;;;;;;;;;;;;;;;;;;;;;;;;;;;;;;;;;;;;;;;;;;;;;;;;;;;;;;;;;;;;;;;;;;;;;;;;;;;;;;;;;;;;;;;;;;;;;;;;;;;;;;;;;;;;;;;;;;;;;;;;;;;;;;;;;;;;;;;;;;;;;;;;;;;;;;;;;;;;;;;;;;;;;;;;;;;;;;;;;;;;;;;;;;;;;;;;;;;;;;;;;;;;
;;;302025;;11,33;5511;8020245708419;Forza10;4683,93;;;;;;;;;;;;;;;;;;;;;;;;;;;;;;;;;;;;;;;;;;;;;;;;;;;;;;;;;;;;;;;;;;;;;;;;;;;;;;;;;;;;;;;;;;;;;;;;;;;;;;;;;;;;;;;;;;;;;;;;;;;;;;;;;;;;;;;;;;;;;;;;;;;;;;;;;;;;;;;;;;;;;;;;;;;;;;;;;;;;;;;;;;;;;;;;;;;;;;;;;;;;;;;;;;;;;;;;;;;;;;;;;;;;;;;;;
;;Legend Digestion (анчоус/горох/картофель)30/17;301015;"Подходит для кормления как взрослых здоровых собак, так и собак с чувствительной пищеварительной системой и после терапии заболеваний пищеварительной системы.  Корм содержит смесь натуральных экстрактов душицы, тимьяна и одуванчика, которые известны своим положительным действием на желудочно-кишечный тракт. Они эффективны для поддержания и/или улучшения работы процессов пищеварения и всасывания питательных веществ как при наиболее часто встречаемых нарушениях (вздутие, желание травы, рвота на голодный желудок, изменяющийся кал), так и для животных с выраженной патологией (непостоянный или жидкий кал). Может применяться для активных собак.
";6,8;3638;8020245708365;;3092,30;;;;;;;;;;;;;;;;;;;;;;;;;;;;;;;;;;;;;;;;;;;;;;;;;;;;;;;;;;;;;;;;;;;;;;;;;;;;;;;;;;;;;;;;;;;;;;;;;;;;;;;;;;;;;;;;;;;;;;;;;;;;;;;;;;;;;;;;;;;;;;;;;;;;;;;;;;;;;;;;;;;;;;;;;;;;;;;;;;;;;;;;;;;;;;;;;;;;;;;;;;;;;;;;;;;;;;;;;;;;;;;;;;;;;;;;;
;;;;;;;;Forza10;0,00;;;;;;;;;;;;;;;;;;;;;;;;;;;;;;;;;;;;;;;;;;;;;;;;;;;;;;;;;;;;;;;;;;;;;;;;;;;;;;;;;;;;;;;;;;;;;;;;;;;;;;;;;;;;;;;;;;;;;;;;;;;;;;;;;;;;;;;;;;;;;;;;;;;;;;;;;;;;;;;;;;;;;;;;;;;;;;;;;;;;;;;;;;;;;;;;;;;;;;;;;;;;;;;;;;;;;;;;;;;;;;;;;;;;;;;;;
;;;301005;;2,25;1541;8020245708358;;1309,68;;;;;;;;;;;;;;;;;;;;;;;;;;;;;;;;;;;;;;;;;;;;;;;;;;;;;;;;;;;;;;;;;;;;;;;;;;;;;;;;;;;;;;;;;;;;;;;;;;;;;;;;;;;;;;;;;;;;;;;;;;;;;;;;;;;;;;;;;;;;;;;;;;;;;;;;;;;;;;;;;;;;;;;;;;;;;;;;;;;;;;;;;;;;;;;;;;;;;;;;;;;;;;;;;;;;;;;;;;;;;;;;;;;;;;;;;
;;;E0030101002;;0,9;744;8020245707771;Forza10;632,10;;;;;;;;;;;;;;;;;;;;;;;;;;;;;;;;;;;;;;;;;;;;;;;;;;;;;;;;;;;;;;;;;;;;;;;;;;;;;;;;;;;;;;;;;;;;;;;;;;;;;;;;;;;;;;;;;;;;;;;;;;;;;;;;;;;;;;;;;;;;;;;;;;;;;;;;;;;;;;;;;;;;;;;;;;;;;;;;;;;;;;;;;;;;;;;;;;;;;;;;;;;;;;;;;;;;;;;;;;;;;;;;;;;;;;;;;
;;;301025;;11,33;5404;8020245708372;;4592,98;;;;;;;;;;;;;;;;;;;;;;;;;;;;;;;;;;;;;;;;;;;;;;;;;;;;;;;;;;;;;;;;;;;;;;;;;;;;;;;;;;;;;;;;;;;;;;;;;;;;;;;;;;;;;;;;;;;;;;;;;;;;;;;;;;;;;;;;;;;;;;;;;;;;;;;;;;;;;;;;;;;;;;;;;;;;;;;;;;;;;;;;;;;;;;;;;;;;;;;;;;;;;;;;;;;;;;;;;;;;;;;;;;;;;;;;;
;;Legend NEW ZELAND agn/cer (ягненок/олень/картофель)30/16;305025;"Беззерновой корм из мяса, поступающего непосредственно из Новой Зеландии. Корм подходит для всех пород.
Природные экстракты черники, тимьяна и цветов липы способствует эффективности формулы, благодаря их противовоспалительным и иммуномодулирующим антиоксидантам с антитоксическим эффектом.";11,33;5789;8020245710566;Forza10;4920,40;;;;;;;;;;;;;;;;;;;;;;;;;;;;;;;;;;;;;;;;;;;;;;;;;;;;;;;;;;;;;;;;;;;;;;;;;;;;;;;;;;;;;;;;;;;;;;;;;;;;;;;;;;;;;;;;;;;;;;;;;;;;;;;;;;;;;;;;;;;;;;;;;;;;;;;;;;;;;;;;;;;;;;;;;;;;;;;;;;;;;;;;;;;;;;;;;;;;;;;;;;;;;;;;;;;;;;;;;;;;;;;;;;;;;;;;;
;;;305005;;2,25;1541;8020245710511;;1309,68;;;;;;;;;;;;;;;;;;;;;;;;;;;;;;;;;;;;;;;;;;;;;;;;;;;;;;;;;;;;;;;;;;;;;;;;;;;;;;;;;;;;;;;;;;;;;;;;;;;;;;;;;;;;;;;;;;;;;;;;;;;;;;;;;;;;;;;;;;;;;;;;;;;;;;;;;;;;;;;;;;;;;;;;;;;;;;;;;;;;;;;;;;;;;;;;;;;;;;;;;;;;;;;;;;;;;;;;;;;;;;;;;;;;;;;;;
;;Legend AII Life Small (анчоус, горох) 31/15;;Монопротеиновый, беззерновой корм, разработанный, специально, для собак мелких пород (до 10 кг). В корме используются анчоусы, выловленные в открытом море. Идеально подходит для животных, страдающих целиакией.;0,9;647;;Forza10;550,25;;;;;;;;;;;;;;;;;;;;;;;;;;;;;;;;;;;;;;;;;;;;;;;;;;;;;;;;;;;;;;;;;;;;;;;;;;;;;;;;;;;;;;;;;;;;;;;;;;;;;;;;;;;;;;;;;;;;;;;;;;;;;;;;;;;;;;;;;;;;;;;;;;;;;;;;;;;;;;;;;;;;;;;;;;;;;;;;;;;;;;;;;;;;;;;;;;;;;;;;;;;;;;;;;;;;;;;;;;;;;;;;;;;;;;;;;
;;;304005;;2,27;1081;8020245709379;;918,60;;;;;;;;;;;;;;;;;;;;;;;;;;;;;;;;;;;;;;;;;;;;;;;;;;;;;;;;;;;;;;;;;;;;;;;;;;;;;;;;;;;;;;;;;;;;;;;;;;;;;;;;;;;;;;;;;;;;;;;;;;;;;;;;;;;;;;;;;;;;;;;;;;;;;;;;;;;;;;;;;;;;;;;;;;;;;;;;;;;;;;;;;;;;;;;;;;;;;;;;;;;;;;;;;;;;;;;;;;;;;;;;;;;;;;;;;
;;Legend AII LifeM|L;304025;"Предназначен для удовлетворения потребности в высокобелковом рационе. Для средних пород собак. Подходит для собак с высокими энергозатратами (спортивное, медецинское (собаки-поводыри, ПСС, канитерапия), служебное собаководство. Сожержит экстракты лекарственных растений.
Высокобелковый корм (30%). Содержит высококачественный легкоусвояемый белок.
Рекомендован для собак с пищевой непереносимостью.";11,33;5350;8020245709645;Forza10;4547,50;;;;;;;;;;;;;;;;;;;;;;;;;;;;;;;;;;;;;;;;;;;;;;;;;;;;;;;;;;;;;;;;;;;;;;;;;;;;;;;;;;;;;;;;;;;;;;;;;;;;;;;;;;;;;;;;;;;;;;;;;;;;;;;;;;;;;;;;;;;;;;;;;;;;;;;;;;;;;;;;;;;;;;;;;;;;;;;;;;;;;;;;;;;;;;;;;;;;;;;;;;;;;;;;;;;;;;;;;;;;;;;;;;;;;;;;;
;;Линейка «ВIO» - сухой органический корм для собак с водорослями ;;;;;;;0,00;;;;;;;;;;;;;;;;;;;;;;;;;;;;;;;;;;;;;;;;;;;;;;;;;;;;;;;;;;;;;;;;;;;;;;;;;;;;;;;;;;;;;;;;;;;;;;;;;;;;;;;;;;;;;;;;;;;;;;;;;;;;;;;;;;;;;;;;;;;;;;;;;;;;;;;;;;;;;;;;;;;;;;;;;;;;;;;;;;;;;;;;;;;;;;;;;;;;;;;;;;;;;;;;;;;;;;;;;;;;;;;;;;;;;;;;;
;;VegetalBio (овощи и водоросли)22/11;;Полнорационный корм для взрослых собак всех пород с вегетарианской формулой, исключающей присутствие мяса, рыбы или других продуктов животного происхождения;1,5;1659;;;1409,73;;;;;;;;;;;;;;;;;;;;;;;;;;;;;;;;;;;;;;;;;;;;;;;;;;;;;;;;;;;;;;;;;;;;;;;;;;;;;;;;;;;;;;;;;;;;;;;;;;;;;;;;;;;;;;;;;;;;;;;;;;;;;;;;;;;;;;;;;;;;;;;;;;;;;;;;;;;;;;;;;;;;;;;;;;;;;;;;;;;;;;;;;;;;;;;;;;;;;;;;;;;;;;;;;;;;;;;;;;;;;;;;;;;;;;;;;
;;;616010;;10;10058;8020245091351;Forza10;8549,30;;;;;;;;;;;;;;;;;;;;;;;;;;;;;;;;;;;;;;;;;;;;;;;;;;;;;;;;;;;;;;;;;;;;;;;;;;;;;;;;;;;;;;;;;;;;;;;;;;;;;;;;;;;;;;;;;;;;;;;;;;;;;;;;;;;;;;;;;;;;;;;;;;;;;;;;;;;;;;;;;;;;;;;;;;;;;;;;;;;;;;;;;;;;;;;;;;;;;;;;;;;;;;;;;;;;;;;;;;;;;;;;;;;;;;;;;
;; EveryDayBio pollo alghe S/M (курица с кукурузой и водорослями) 27/11;611015; Полнорационны корм для взрослых собак мелких и средних пород  из курицы с водорослями. Это монобелковый органический корм, проверенный, сертифицированный и контролируемый;1,5;1530;;Forza10;1300,59;;;;;;;;;;;;;;;;;;;;;;;;;;;;;;;;;;;;;;;;;;;;;;;;;;;;;;;;;;;;;;;;;;;;;;;;;;;;;;;;;;;;;;;;;;;;;;;;;;;;;;;;;;;;;;;;;;;;;;;;;;;;;;;;;;;;;;;;;;;;;;;;;;;;;;;;;;;;;;;;;;;;;;;;;;;;;;;;;;;;;;;;;;;;;;;;;;;;;;;;;;;;;;;;;;;;;;;;;;;;;;;;;;;;;;;;;
;; EveryDayBio pollo alghe M/L (курица с кукурузой и водорослями) 27/11;611012; Полнорационны корм для взрослых собак средних и крупных пород  из курицы с водорослями. Это монобелковый органический корм, проверенный, сертифицированный и контролируемый;12;9416;8020245091252;Forza10;8003,60;;;;;;;;;;;;;;;;;;;;;;;;;;;;;;;;;;;;;;;;;;;;;;;;;;;;;;;;;;;;;;;;;;;;;;;;;;;;;;;;;;;;;;;;;;;;;;;;;;;;;;;;;;;;;;;;;;;;;;;;;;;;;;;;;;;;;;;;;;;;;;;;;;;;;;;;;;;;;;;;;;;;;;;;;;;;;;;;;;;;;;;;;;;;;;;;;;;;;;;;;;;;;;;;;;;;;;;;;;;;;;;;;;;;;;;;;
;;EveryDayBio pesce alghe all dreed (рыба с маисом и водорослями) 28/15 ;614015;Полнорационный корм для взрослых собак всех пород из рыбы с водорослями. Это монобелковый корм высочайшего качества, имеющий биологическую сертификацию ;1,5;1498;8020245091306;Forza10;1273,30;;;;;;;;;;;;;;;;;;;;;;;;;;;;;;;;;;;;;;;;;;;;;;;;;;;;;;;;;;;;;;;;;;;;;;;;;;;;;;;;;;;;;;;;;;;;;;;;;;;;;;;;;;;;;;;;;;;;;;;;;;;;;;;;;;;;;;;;;;;;;;;;;;;;;;;;;;;;;;;;;;;;;;;;;;;;;;;;;;;;;;;;;;;;;;;;;;;;;;;;;;;;;;;;;;;;;;;;;;;;;;;;;;;;;;;;;
;;;614012;;12;8453;8020245711006;Forza10;7185,05;;;;;;;;;;;;;;;;;;;;;;;;;;;;;;;;;;;;;;;;;;;;;;;;;;;;;;;;;;;;;;;;;;;;;;;;;;;;;;;;;;;;;;;;;;;;;;;;;;;;;;;;;;;;;;;;;;;;;;;;;;;;;;;;;;;;;;;;;;;;;;;;;;;;;;;;;;;;;;;;;;;;;;;;;;;;;;;;;;;;;;;;;;;;;;;;;;;;;;;;;;;;;;;;;;;;;;;;;;;;;;;;;;;;;;;;;
;;Лакомства для собак и кошек;;;;;;;0,00;;;;;;;;;;;;;;;;;;;;;;;;;;;;;;;;;;;;;;;;;;;;;;;;;;;;;;;;;;;;;;;;;;;;;;;;;;;;;;;;;;;;;;;;;;;;;;;;;;;;;;;;;;;;;;;;;;;;;;;;;;;;;;;;;;;;;;;;;;;;;;;;;;;;;;;;;;;;;;;;;;;;;;;;;;;;;;;;;;;;;;;;;;;;;;;;;;;;;;;;;;;;;;;;;;;;;;;;;;;;;;;;;;;;;;;;;
;;Mr. Fruit Mini Chew cane;507250;лакомство для собак со вкусом банана ;шт;80;8020245709614;Forza10;68,21;;;;;;;;;;;;;;;;;;;;;;;;;;;;;;;;;;;;;;;;;;;;;;;;;;;;;;;;;;;;;;;;;;;;;;;;;;;;;;;;;;;;;;;;;;;;;;;;;;;;;;;;;;;;;;;;;;;;;;;;;;;;;;;;;;;;;;;;;;;;;;;;;;;;;;;;;;;;;;;;;;;;;;;;;;;;;;;;;;;;;;;;;;;;;;;;;;;;;;;;;;;;;;;;;;;;;;;;;;;;;;;;;;;;;;;;;
;;Mr. Fruit Mini Chew cane;507150;лакомство для собак со вкусом папайи;шт;80;8020245709621;Forza10;68,21;;;;;;;;;;;;;;;;;;;;;;;;;;;;;;;;;;;;;;;;;;;;;;;;;;;;;;;;;;;;;;;;;;;;;;;;;;;;;;;;;;;;;;;;;;;;;;;;;;;;;;;;;;;;;;;;;;;;;;;;;;;;;;;;;;;;;;;;;;;;;;;;;;;;;;;;;;;;;;;;;;;;;;;;;;;;;;;;;;;;;;;;;;;;;;;;;;;;;;;;;;;;;;;;;;;;;;;;;;;;;;;;;;;;;;;;;
;;Mr. Fruit Mini Chew cane;507450;лакомство для собак со вкусом малины;шт;80;8020245709638;Forza10;68,21;;;;;;;;;;;;;;;;;;;;;;;;;;;;;;;;;;;;;;;;;;;;;;;;;;;;;;;;;;;;;;;;;;;;;;;;;;;;;;;;;;;;;;;;;;;;;;;;;;;;;;;;;;;;;;;;;;;;;;;;;;;;;;;;;;;;;;;;;;;;;;;;;;;;;;;;;;;;;;;;;;;;;;;;;;;;;;;;;;;;;;;;;;;;;;;;;;;;;;;;;;;;;;;;;;;;;;;;;;;;;;;;;;;;;;;;;
