;;с 01,06,2019;
;RU PUR DENTALIFE Single;;
;12366294;DENTALIFE SMALL Single 16x16.4g RU;38,2536
;12366293;DENTALIFE MEDIUM Single 14x23g RU;38,2536
;12366292;DENTALIFE LARGE Single 12x35.5g RU;38,2536
;RU PUR DENTALIFE Standard;;0
;12365699;DENTALIFE SMALL 5x115g RU;139,3524
;12365750;DENTALIFE MEDIUM 5x115g RU;139,3524
;12365753;DENTALIFE LARGE 5x142g RU;139,3524
;PRO PLAN;;0
;RU PUR Dog Snacks;;0
;12353783;PROPLAN DENTAL PRO BAR д мелкпор 6x150г;232,254
12381634;12123763;PRPN DENTAL PROBAR Д/СД/ЗдорПолРта6x150г;218,70585
;RU PUR ProPlan Dog Biscuit 400g;;0
;12333256;PRO PLAN LIGHT Dog Biscuit BiEx4x400g RU;301,2471
;12333257;PROPLAN ADL DogBsct BiEx Smn&Ri 4x400gRU;301,2471
;12333276;PRO PLAN ADL DogBsctBiEx Lmb&Ri 4x400gRU;301,2471
;CAT CHOW;;0
;RU PUR Cat Chow 1.5kg - 2kg ;;0
;12123730;CAT CHOW проф/ком/шерсти Д.Птица 8х1.5кг;499,3461
;12309221;CAT CHOW Д/ВзрКош Утка 8x1.5kg N1 RU;399,47688
;12309194;CAT CHOW Д/ВзрКош Птица 8x1.5kg N1 RU;399,47688
;12309195;CAT CHOW для котят Птица 8x1.5kg N1 RU;439,43823
;12123733;CAT CHOW  SENSITIVE Д/КошСЧувПищ 8x1.5кг;499,3461
;12212308;CAT CHOW FELINE 3IN1 PoulTrky 8x1.5kg RU;499,3461
;12123730;CAT CHOW HRBLCTRL сух д/к 8x1.5кг N1 RU;499,3461
;12123732;CAT CHOW STERILISED Poultry 8x1.5kg N1RU;499,3461
;12123731;CAT CHOW UTH ЗдорМочП вз/кош 8x1.5kgN1RU;499,3461
;RU PUR Cat Chow 15kg;;0
;12147110;C CHOW HRBLCTRL КонтрКомк вз/к 15kg N1RU;4452,49134
;12212334;CAT CHOW FELINE 3IN1 д/кошек 15 кг RU;4452,49134
;12118695;CAT CHOW KITTEN Д/Котят 15кг N1;3944,208015
;12147057;CAT CHOW SENSITIVE д/кош ЧувстПищ 15кгRU;4452,49134
;12147058;CAT CHOW STRLS  сух д/кош15кгN2 RU;4452,49134
;12309182;CAT CHOW Д/ВзрКош Птица 15kg N1 RU;3574,491525
;12309193;CAT CHOW Д/ВзрКош Утка 15kg N1 RU;3574,491525
;12147059;CAT CHOW UTH ЗдорМочП вз/кош 15кг N1 RU;4452,49134
;RU PUR Cat Chow 400g;;0
;12267406;CAT CHOW SENSITIVE д/чувст 8x400g RU ;150,703245
;12267405;CAT CHOW STERILISED д/стерл 8x400г RU;150,703245
;12292070;CAT CHOW ADULT Duck 8x400g RU ;120,897315
;12292072;CAT CHOW ADULT Poultry 8x400g RU;120,897315
;12267404;CAT CHOW UTH д/моч 8x400г RU;150,703245
;RU PUR Cat Chow 7kg;;0
;12392566;CAT CHOW ADULT Птица 7kg RU;1734,819285
;12392569;CAT CHOW UTH Птица 7кгRU;2160,946327
;12392580;CAT CHOW SENSITIVE ПтицаЛосось 7кг RU;2160,946327
;12392564;CAT CHOW KITTEN Птица 7кг RU;1914,254603
;12392568;CAT CHOW HAIRBALL CONTROL Птица 7кг RU;2160,946327
;12392565;CAT CHOW ADULT Утка 7кг RU;1734,819285
;12392567;CAT CHOW FELINE 3IN1 ПтицаИндейка7кг RU;2160,946327
;12392545;CAT CHOW STERILISED Птица 7кг RU;2160,946327
;RU PUR Cat Chow Wet 85g;;0
;12349677;CAT CHOW ADULT GiJ Bf&Abg 24x85g RU;26,39043
;12349810;CAT CHOW ADULT GiJ Chkn&Crgt 24x85g RU;26,39043
анологи;12349769;CAT CHOW ADULT GiJ Lmb&Grnb 24x85g RU;26,39043
;12349811;CAT CHOW ADULT GiJ Smn&GrnB 24x85g RU;26,39043
;12349811;CAT CHOW в/ВзрКош Лосось и ЗелФас 24х85;26,39043
;12349389;CAT CHOW Д/Котят ГвЖ Инд&Каб 24x85g XE;26,39043
;PRO PLAN;;0
;RU PUR Pro Plan Dry Cat 1.5kg;;0
12369534;12172066;PRO PLAN ADULT Cat Д/Кош Курица 6x1.5кг;894,029895
;12172062;PRO PLAN ADULT Cat Д/Кош Лосось 6x1.5кг;894,029895
;12369073;PRO PLAN Cat д/стерилиз Индейка 6x1.5кг;996,358275
12335891;12172067;PRO PLAN DELICATE Д/К СЧувПищ Инд6x1.5кг;996,358275
;12172040;PRO PLAN HOUSECAT Д/ДомКош Курица6x1.5кг;996,358275
12171548;12335890;PRO PLAN JUNIOR Cat Д/КотятКурица6x1.5кг ;949,87332
12381692;12066154;PRO PLAN LIGHT Д/К Индейка Рис 6x1.5кг ;996,358275
12335892;12293286;PRO PLAN Cat д/котят чув пищев инд 6x1.5;949,87332
12381722;12263291;PRO PLAN д/стеркош стар7+ инд 6x1.5кг XE;996,358275
;12370359;PRO PLANCat Стерил орг/чув Лосось6х1.5кг;1044,25497
12335848, 12381665;12171883;PRPN STERILISED Cat Д/СтерК Крол 6x1.5кг ;996,358275
12335905,12;12171884;PRPN STERILISED Cat Д/СтерК Лос 6x1.5кг;996,358275
;12229452;PRO PLAN DENTAL PLUS д/кош Куриц 6x1.5кг XE;996,358275
;12350497;PRO PLAN д/кош чув пищев Ягненок 6x1.5кг;996,358275
;12370474;PRO PLAN Cat Стерил чув пищ Кур 6х1.5кг;1044,25497
;12371026;PRO PLAN Cat Элегант д\шер Лосось6х1.5кг;996,358275
;12381723;PRO PLAN Cat д/взр 7+ Лосось 6х1.5кг RU;996,358275
;12381724;PRO PLAN Cat д/чув пищ 7+ Индейк 1.5кг (6);996,34689
;RU PUR Pro Plan Wet Cat 85g;;0
;12384844;PRO PLAN Baby Ktn Mse Chicken 24x85gRU;70,55047313
;12171996;PRO PLAN ADULT 7+ Д/К с тунцом 24x85г;70,552845
;12065833;PRO PLAN ADULT Д/Кош Кур 24x85г;70,552845
"12381814, 
";12066943;PRO PLAN DLCTД/ВзрКЧувКожПищМусИнд24x85г;70,552845
;12171997;PRO PLAN JUNIOR Cat Д/Котят с кур 24x85г;70,552845
;12065874;PRO PLAN LIGHT Д/ВзрКсИзбВесом Инд24x85г;70,552845
12381705;12171995;PRO PLAN STRLS Д/К стер/каст тунц 24x85г;70,552845
;12381707;PRO PLAN д/котят Курица 24x85г банка N1;70,552845
;12381669;PRO PLAN д/взр кош Курица 24x85г банкаN1;70,552845
;RU PUR Pro Plan Wet Cat Alupouch 85g;;0
;12287095;PRO PLAN Cat д/взр CiJ Ягнен 24x85г пауч ;58,86045
;12287208;PRO PLAN Cat д/домашн кош CiJ ИНД 24x85г ;58,86045
;12249431;PRO PLAN DLCT Д/КошЧувПищ Инд 24x85гр RU;58,86045
;12249246;PRO PLAN DTEД/КошЧувПищОкРыб24x85грRU;58,86045
;12249425;PRO PLAN HSCT Д/ДомКош Лос 24x85гр RU;58,86045
;12238547;PRO PLAN JUNIOR Д/КотятИндейка24x85гр RU;58,86045
;12249441;PRO PLAN STRL Д/СтерКош Говяд 24x85гр RU;58,86045
;12249432;PRO PLAN STRL Д/СтерКош Куриц 24x85гр RU;58,86045
;12305655;PRO PLAN DELICATE Cat GiG Lamb 24x85g RU;58,86045
;12305656;PRO PLAN JUNIOR Cat GiG Beef 24x85g RU;58,86045
;12305886;PRO PLAN STERILISED Cat GiG Duck24x85gRU;58,86045
;12305887;PRO PLAN STERILISED Cat GiGOFish24x85gRU;58,86045
;12286804;PRO PLAN Cat д/взр CiJ Инд 24x85г паучRU;58,86045
;12287047;PRO PLAN Cat д/стерилиз CiJ Инд 24x85гRU;58,86045
;12287087;PRO PLAN Cat д/котятCiJ Кур 24x85г пауч;58,86045
;12342497;PRO PLAN д/взр кош 7+ Индей/соус24x85гRU;58,86045
;12342770;PRO PLAN д/взр кош Утка/соус 24x85гRU;58,86045
;12342771;PRO PLAN д/кош Дерма+ Треск/соус24x85гRU;58,86045
;12287097;PRO PLAN Cat д/стерилиз CiJ Океан 24x85г;58,86045
;RU PUR ProPlan Dry Cat 3kg;;0
;12381691;PRO PLAN Cat д/чув пищ 7+ Индейка 4х3кг;1870,956821
;12369003;PRO PLAN Cat д/стерил 7+ Индейка 4x3кгRU;1870,953975
12381679;5120622;PRO PLAN ADULT Д/ВзрКош Лос&Рис 4x3 кг;1676,91942
;5120624;PRO PLAN ADULT Д/ВзрКошек Кур&Рис 4x3 кг;1676,91942
;12370370;PRO PLAN Cat Стерил орг/чув Лосось 4х3кг;1960,90686
;12229467;PRO PLAN DENTAL PLUS д/кош Кур 4х3кг XE;1870,953975
;12381690;PRO PLAN д/кош ЧувПищ Ягненок 4x3кг N1;1870,956821
;5114961;PRO PLAN DLCT Д/К ЧувстКожПищИндРис4х3кг;1870,953975
;12171004;PRO PLAN JUNIOR Cat Д/КотятКурица4x3кг;1783,699335
;12293285;PRO PLAN Cat д/котят чув пищев инд 4x3кг;1783,699335
;12370370;PRO PLAN Cat Стерил орг/чув Лосось 4х3кг;1960,90686
12381680;12171005;PRPN STERILISED Cat Д/СтерК Крол 4x3кг;1870,953975
12369930;12171006;PRPN STERILISED Cat Д/СтерК Инд 4x3кг;1870,953975
12381681;12171007;PRPN STERILISED Cat Д/СтерК Лос 4x3кг;1870,953975
;12370522;PRO PLAN Cat Стерил чув пищ Кур 4х3кг;1960,90686
;RU PUR ProPlan Dry Cat 400g;;0
;12372468;PRO PLAN Cat д/чув пищ 7+ Индейка 8х400г;281,5467806
;12372568;PRO PLAN Cat д/котят чув пищевинд8x400RU;276,24564
;12402132;PRPN Cat д/стерил Инд 10(400г+2х85г)PRRU;281,546496
;12402130;PRO PLAN DTE Индейка 10(400г+2х85r) PRRU;281,546496
;12172034;PRO PLAN ADULT Cat Д/ВзрК Курица8x400г;259,976475
12381667;12172041;PRO PLAN ADULT Cat Д/ВзрК Лосось8x400г;259,976475
;12372567;PRO PLANCat Стерил орг/чув Лосось 8х400г;292,696965
5115218;12171999;PRO PLAN HOUSECAT Д/ДомКош Курица8x400г;281,55105
12335902;12171425;PRO PLAN д/котят Курица 8x400г XG;276,24564
;12372590;PRO PLAN Cat Элегант д\шер.Лосось 8х400г;281,55105
;12372563;PRO PLAN д/кош чув/пищ Ягненок 8х400г RU;281,5467806
12335899;12172031;PRO PLAN д/кош чув/пищ Индейка 8х400гXG;281,55105
;12277772;PRO PLAN д/стеркош стар 7+ инд 8x400г RU;281,55105
12335904, 12381664;12171693;PRO PLAN STRLS Д/КастСтер Кош Лос 8x400г;281,55105
;12372469;PRO PLAN Cat Стерил чув пищ Кур 8х400г;292,696965
;12328108;PRO PLAN д/котят чув пищев Инд10(400g+85г);276,24564
;12274632;PRO PLAN чувст/пищ Инд10(400г+85г) PR;281,55105
12335900;12171695;PRPN STERILISED Cat Д/СтерК Инд8x400г ;281,55105
;12371753;PRO PLAN Cat д/стерилиз Индейка 8x400гRU;281,55105
12335903;12171546;PRPN STERILISED Cat Д/СтерК Кролик8x400г;281,55105
;12229450;PRO PLAN DENTAL PLUS д/кош Кур 8x400гр XE;281,55105
;12372564;PRO PLAN Cat Лайт низ.кал Индейка 8х400г;281,55105
;12372503;PRO PLAN Cat д/взр 7+ Лосось 8x400г XE;281,55105
;RU PUR ProPlan Dry Cat 7.5 - 15kg;;0
аналоги;12369849;PRO PLAN Cat д/чув пищев Индейка 10кг;5067,34965
;12171887;PRO PLAN ADULT Д/ВзКош Курица Рис 10кг;4525,90182
;12369479;PRO PLAN Cat д/котят Куриц 10кг XE;5067,34965
;12172132;PRO PLAN ADULT Д/ВзКош Лосось Рис 10кг;4525,90182
;12236483;PRO PLAN DENTAL PLUS д/кош Куриц 10кг XE;5067,34965
;12370351;PRO PLAN Cat Стерил орг/чув Лосось 10кг;5301,937575
аналоги;12370499;PRO PLAN Cat Стерил чув пищ Кур 10кг;5301,937575
аналоги;12322753;PRO PLAN д/кош ЧувПищ Ягненок 10кгRU;5067,34965
;12171886;PRO PLAN HOUSECAT Д/Взр Домашн Кош 10кг;5067,34965
;12293284;PRO PLAN Cat д/котят чув пищев инд 10кг;5067,34965
аналоги, 12369001;12171891;PRO PLAN STERILISED Д/СтерКасК Инд 10кг;5067,34965
;12171888;PRO PLAN STERILISED Д/СтерКасК Крол 10кг;5067,34965
;12171890;PRO PLAN STERILISED Д/СтерКасК Лос 10кг;5067,34965
12391031;12371196;PRO PLAN Cat Элегант д\шер. Лосось 10кг;5067,34965
12369711;12263189;PRO PLAN д/стерилиз кош 7+ Индейка 10кг ;5067,34965
;RU PUR ProPlan Dry Cat 7kg;;0
;12392559;PRO PLAN Cat д/котят Куриц 7кг RU;3652,068915
;12392645;PRO PLAN Cat д/котят чув пищев Инд 7кгRU;3652,068915
;12392650;PRO PLAN Cat д/чув пищев Индейка 7кг RU;3652,068915
;12392652;PRO PLAN Cat д/взр Курица 7кг RU;3263,772105
;12392617;PRO PLAN Cat д/стерилиз Индейка 7кг RU;3652,068915
;12392618;PRO PLAN Cat д/стерилиз Кролик 7кг RU;3652,068915
;12392619;PRO PLAN Cat д/стерилиз Лосось 7кг RU;3652,068915
;PRO PLAN VETERINARY DIETS;;0
;RU PUR PVD Dry Cat 1.5kg;;0
;12278417;PPVD FELINE DH 4x1kg RU;877,05486
;12274974;PPVD FELINE HP 4x1.5Kg RU;1303,62804
;12274497;PPVD FELINE DM 4x1.5kg RU;1291,662405
;12274530;PPVD FELINE EN 4x1.5kg RU;1279,708155
;12274531;PPVD FELINE HA 4x1.3kg RU;1263,5073
;12274444;PPVD FELINE NF 4x1.5kg RU;1303,62804
;12274499;PPVD FELINE OM 4x1.5kg RU;1303,62804
;12274496;PPVD FELINE UR Chicken 4x1.5kg RU;1123,19856
;12274498;PPVD FELINE UR Ocean Fish 4x1.5kg RU;1123,19856
;RU PUR PVD Dry Cat 325-400g;;0
;12274106;PPVD FELINE NF 6x350g RU;365,196645
;12274256;PPVD FELINE EN 6x400g RU;405,55647
;12274155;PPVD FELINE OM 6x350g RU;365,196645
;12274134;PPVD FELINE HA 6x325g RU;382,661235
;12274109;PPVD FELINE UR Chicken 6x350g RU;335,83473
;12274133;PPVD FELINE UR Ocean Fish 6x350g RU;335,83473
;RU PUR PVD FORTIFLORA 30g;;0
;12274698;PPVD д/кош кормДобавка 30x1г;1293,06276
;12274760;PPVD д/соб кормДобавка 30x1г;1293,06276
;RU PUR PVD Wet Cat 195g;;0
;12275696;PPVD FELINE DM Mousse 24x195g RU;135,13995
12381646;12275863;PPVD FELINE EN Mousse 24x195g RU;135,13995
12381647;12275867;PPVD FELINE NF Mousse 24x195g RU;135,13995
;12274133;PPVD д/кош конс CN при выздоров. 24x195г;335,83473
12381644;12275710;PPVD FELINE UR Mousse Turkey 24x195g RU;135,13995
;RU PUR PVD Wet Cat Vet 85g;;0
;12381671;PPVD FELINE UR CiG Salmon 4(10x85g) RU;67,0178025
12381676;12331739;PPVD д/к пауч EN п/нар.пищ.Лос 4(10x85г);67,0178025
;12381672;PPVD FELINE DM CiG Beef 4(10x85g) RU;67,0178025
12381675;12331738;PPVD д/к пауч EN п/нар.пищ.Кур 4(10x85г);67,0178025
;12278222;PPVD д/к пауч DM при диабете.кур 10x85г;67,0178025
;12308816;PPVD д/к паучURп/заб.моч.сисЛос 10x85г;67,0178025
;12308818;PPVD д/к паучURп/заб.моч.сисКур 10x85г;67,0178025
;12308817;PPVD д/к пауч DM при диабетеГов 10x85г;67,0178025
12381674;12308819;PPVD д/к пауч OM при диабетеКур 10x85г;67,0178025
;12278375;PPVD д/к пауч NF при заб.поч.кур 10x85г;67,0178025
;12278452;PPVD д/к пауч NF при заб.поч.лос 10x85г;67,0178025
;12381673;PPVD FELINE UR CiG Chicken 85г (4*10) RU;67,0178025
;DOG CHOW;;0
;RU PUR Dog Chow 14kg;;0
;12364513;DOG CHOW Д/взр/соб Ягненок 14кг N3 RU;2633,14557
;12364496;DOG CHOW SENSITIVE Salmon 14kg N2 RU;2906,95482
;12308571;DOG CHOW Д/взр/соб Курица 14kg N1 RU;2633,14557
;12364488;DOG CHOW ACTIVE Chicken 14kg N2 RU;2906,95482
;12308568;DOG CHOW Д/ВзрСоб Круп/Пор Инд 14kgN1RU;2906,95482
;12364493;DOG CHOW д/взр/соб/5 лет Ягн 14кг N3 RU;2633,14557
12364494;12308574;DOG CHOW Д/Щен Курица 14kg N1 RU;2906,95482
;12308575;DOG CHOW Д/щен Ягненок 14kg N2 RU;2906,95482
;12308569;DOG CHOW д/взр/соб от 5 лет Кур 14kg N1;2633,14557
;12308573;DOG CHOW Д/щен крупн/пор Инд 14kgN1RU;2906,95482
;12308565, 12364491;DOG CHOW д/стар/соб/9лет Ягненок 14kg N2 RU RU;2906,95482
;RU PUR Dog Chow 2.5kg;;0
;12260305;DOG CHOW д/щен до года Ягненок5x2.5кг RU;539,894916
;12364515;DOG CHOW д/щен до года Ягн 4x2.5кг N2 RU;667,5110888
;12233246;DOG CHOW д/щенков до годаКурица5x2.5кгRU;539,894916
;12233241;DOG CHOW д/взр/соб от 5 лет Ягн4х2.5кгRU;457,54038
;12364519;DOG CHOW д/взр/соб Ягн 4x2.5кг N2 RU;605,3091413
;12260276;DOG CHOW д/взр/соб от 5 лет Ягн5х2.5кгRU;489,57777
;12260324;DOG CHOW д/взр/соб от года Ягн 5x2.5кгRU;489,57777
;12233244;DOG CHOW д/соб от годаКурица5x2.5кг RU;489,57777
;12308786;DOG CHOW ADULT Chicken 4x2.5kg RU;605,306295
;12308765;DOG CHOW д/взр соб мелк/пор Кур4x2.5kgRU;696,10167
;12308782;DOG CHOW SENIOR Lamb 4x2.5kg N1 RU;667,513935
;12364511;DOG CHOW SENSITIVE Salmon 4x2.5kg N2 RU;667,513935
12364518;12308767;DOG CHOW ADULT LARGE BREED Trky4x2.5kgRU;667,513935
;12308783;DOG CHOW ADULT Lamb 4x2.5kg N1 RU;605,306295
;12308785;DOG CHOW PUPPY Chicken 4x2.5kg RU;667,513935
;12308764;DOG CHOW д/щен мелк/пор Кур 4x2.5kgRU;696,10167
12364515;12308784;DOG CHOW PUPPY Lamb 4x2.5kg N1 RU;667,513935
;12308766;DOG CHOW PUPPY LARGE BREED Trky4x2.5kgRU;667,513935
;RU PUR Dog Chow 800g;;0
;12275127;DOG CHOW д/взр соб мелк/пор Кур 8x800gRU;234,997785
;12276249;DOG CHOW Д/ взрос собак ягненок 800г (8);204,33798
12379168;12276280;DOG CHOW PUPPY Д/Щенков Ягненок 800гр (8);234,997785
12365139;12277773;DOG CHOW д/чувст собак лосось 8х800г RU;234,997785
;12365138;DOG CHOW д/щен мелк/пор Кур 8x800gN1RU;234,997785
;PRO PLAN;;0
;RU PUR Pro Plan Dry Dog 12 - 16.5 kg;;0
;12399415;PPD СрВзрП ЧувПищ Инд GrainFr 12кг;3976,18848
;12375525;PRO PLAN DOG Взр/ВсехП Лайт Кур 14кг XE;4246,1496
;12366945;PRO PLAN DOG Взр/КрПАтлет ЧувПищ Ягн 14к;4246,1496
;12366979;PRO PLAN DOG Взр/КрПАтлет Курица 14кг;4011,1632
;12294770;PRO PLAN DOG Взр/КрПАтл ЧувКож Лос14кг ХЕ;4246,1496
;12294793;PRO PLAN DOG Взр/КрМощТел ЧувКож Лос14кг;4246,1496
;12366972;PRO PLAN DOG Взр/СрП ЧувПищ Ягн 14кг;4246,1496
;12272431;PRPN д/щен кр пор мощ тел кур&ри 12кгXE ;3934,656
;12272436;PRO PLAN д/вз кр пор мощ тел кур 14кгXE;4011,1632
;12392238;PRO PLAN DOG Взр/СрП7+ ЧувКож Лос14кг XE;4246,1496
;12377395;PRO PLAN DOG Взр/КрПМощТел ЧувПищ Ягн 14;4246,1496
аналоги;12367239;PRO PLAN DOG Взр/СрП ЧувКож Лос 14кг;4246,1496
;12366948;PRO PLAN DOG Взр/ВсеП Актив Кур 14кг XE;4246,1496
;12272434;PRO PLAN д/щен ср пород кур 12кг XE;4011,1632
;12367257;PRO PLAN DOG Взр/СрП Курица 14кг;4011,1632
;12278095;PRO PLAN д/ср щен чув пищ ягн&рис 12кгRU;4011,1632
;12367295;PRO PLAN DOG Щен/СрП ЧувКож Лос12кг;4011,1632
;12272433;PRO PLAN д/ср щен чув кож лос&рис 12кгXE;4011,1632
;12272557;PRO PLAN д/ср и бол вз соб 7+ кур 14кгXE;4246,1496
;RU PUR Pro Plan Dry Dog 7.5 kg;;0
;12399413;PPD Взр СредП ЧувПищ Инд GrainFrеe 7кг;2589,35886
;12399414;PPD МалП ЧувПищ Инд GrainFree 7кг;2639,77164
;12278923;PRO PLAN д/взр ср пор чувпищ ягн 7кгRU;2370,357
;12377413;PRO PLAN DOG Взр/СрП Курица 7кг;2061,5958
;12398375;PRO PLAN DOG Взр/МелП ЧувПищ Ягн 7кгN1RU;2416,8078
;12272581;PRPN д/мел&кар взр чув кожлос&рис 7кгXE;2416,8078
;12272582;PRO PLAN д/мел пор взр кур&рис 7кгXE;2416,8078
;12272563;PRPN д/ср вз соб чув кож лос&рис 7кгXE;2370,357
;12272565;PRO PLAN д/щен мел кар кур&рис 7кг XE;2534,301
;RU PUR Pro Plan Dog NaturalElement 10kg;;0
;12383364;PPD NATUR EL Взр Сред/КрП Лосось 10кг XE;3244,725
;12383368;PPD NATUR EL Взр Сред/КрП Ягн 10кг XE;3244,725
;12383299;PPD NATUR EL Щен Сред/КрП Ягн 10кг XE;3575,3454
;;;0
;RU PUR Pro Plan Dry Dog DuoDelice 10kg;;0
12340483;12202614;PRPN DUO DELICE Д/ВзрСоб ГовядРис 10 кг;3433,2606
;12202615;PRPN DUO DELICE Д/ВзрСоб ЛосРис 10 кг;3433,2606
;12340482;PRO PLAN Duo Delice Взр КурРис 10кг RU;3433,2606
;RU PUR Pro Plan Dry  2.5kg;;0
;12384816;PPD ВзрСрП ЧувПищ Инд GrainFree 4х2.5кг;1088,04168
;12384758;PPD МалП ЧувПищ Инд GrainFree 4х2.5кг;1205,6715
;RU PUR Pro Plan Dry Dog DuoDelice 2.5kg;;0
;;;0
;12251961;PRPN DUO DELICE SmlAdtDogSmn&Ri4x2.5kgDE;1095,727134
12340493;12202612;PRPN DUO DELICE Д/ВзрСоб ГовядРис4x2.5кг;1074,852061
12340478;12176334;PRPN DUO DELICE Д/ВзрСоб КурРис 4x2.5кг;1075,1994
;12340494;PRO PLAN DuoDelice Взр/МелП Кур4х2.5кгRU;1095,715556
;12202613;PRPN DUO DELICE Д/ВзрСоб ЛосРис 4x2.5 кг;1074,852061
12340493;12251945;PRPN DUODELICE SmlAdt Dog Bf&Ri4x2.5kgDE;1074,852061
12340478;12251941;PRPN DUODELICE SmlAdtDogChkn&Ri4x2.5kgDE;1074,852061
;RU PUR Pro Plan Dog NaturalElement 2 kg;;0
;12384828;PPD NATUR EL Взр МелкП Ягн 6x2кг;945,4104
;12384832;PPD NATUR EL Взр Сред/КрП Лосось 6x2кг;852,5088
;12384834;PPD NATUR EL Взр Сред/КрП Ягн 6x2кг;852,5088
;12384826;PPD NATUR EL ВзрМелкП Лосось 6x2кг;945,4104
;12384818;PPD NATUREL Щен МелкиеПор Ягн 6x2кг;986,3964
;12384820;PRPNNATUREELEMENTS Щен Сред/КрП Ягн6x2кг;875,0511
;RU PUR Pro Plan Dog NaturalElement 7 kg;;0
;12383330;PPD NATUR EL Взр МелкП Ягн 7кг XE;2584,8504
;12383329;PPD NATUR EL Взр МелкП Лосось 7кг XE;2584,8504
;RU PUR Pro Plan Dog NaturalElement 700g;;0
;12384819;PPD NATUREL Щен Сред/КрП Ягн 8x700g;337,04154
;12384752;PPD ВзрМалП ЧувПищ Инд GrainFree 4x700г;384,99516
;12384827;PPD NATUR EL Взр МелкП Ягн 8x700г;377,0712
;12384831;PPD NATUR EL Взр Сред/КрП Лосось 8x700г;325,42884
;12384833;PPD NATUR EL Взр Сред/КрП Ягн 8x700г;325,42884
;12384825;PPD NATUR EL ВзрМелкП Лосось 8x700г;377,0712
;12384819;PPD NATUREL Щен Сред/КрП Ягн 8x700g;337,04154
;12384817;PPD NATUREL ЩенМелкП Ягн 8x700г;393,05574
;RU PUR Pro Plan Dry Dog DuoDelice 700g;;0
;12340410;PROPLAN DuoDelice Взр/МелП Гвяд 8х700гRU;369,0129356
12202610;12251943;PRPN DUO DELICE SmlAdt Dog Bf&Ri8x700gDE;345,5328203
12202611;12251947;PRPN DUO DELICE SmlAdt DogSmn&Ri8x700gDE;345,5328203
12176335;12250000;PRPN DUO DELICE SmlAdtDogChkn&Ri8x700gDE;345,5328203
;12340504;PRO PLAN DuoDelice Взр/МелП Кур 8х700гRU;369,0245136
;12202610;PRPN DUO DELICE Д/ВзрСоб ГовядРис 8x700г;345,5328203
;12381805;PRPN DUO DELICE Adt Dog Bf&Ri 8x700g RU;345,5328203
;12176335;PRPN DUO DELICE Д/ВзрСоб КурРис 8x700г;345,5328203
;12202611;PRPN DUO DELICE Д/ВзрСоб ЛосРис 8x700г;345,5328203
;RU PUR ProPlan Dry Dog 1,5kg;;0
12350207;12278110;PRPN д/вз српор чувпищ ягн&ри 6х1.5кгRU;651,6774
12350210;12278111;PRPN д/ср щен чув пищ ягн&рис 6х1.5кгRU;674,9028
12350179;12272385;PRO PLAN д/ср взр соб кур 6х1.5кг RU;586,0998
;12272386;PRO PLAN д/ср взр чув кож лос 6х1.5кг RU;651,6774
12350208;12272270;PRO PLAN д/ср щенков кур 6х1.5кг RU;674,9028
;12272384;PRO PLAN д/ср щен чув кож лос 6х1.5кг RU;674,9028
;RU PUR ProPlan Dry Dog 3kg;;0
;12324775;PRPN соб/взр/мел/п Ч/Пищ Ягн 4x3кгPRRU;1103,8896
;12272383;PRO PLAN д/вз крсб мощтел кур&ри 4х3кгRU;1076,5656
;12294634;PRO PLAN д/взр КрАтлПор чувпищ ягн 4х3кг ;1195,425
;12272212;PRO PLAN д/вз ср пород кур&рис 4х3кг RU;1076,5656
;12272216;PRO PLAN д/взр мелкар кур&рис 4х3кг RU;1325,214
;12272618;PRPLN д/вз соб вс пор лег кур&ри 4х3кгXE;1195,425
;12272210;PRPN д/щен кр пор спор кур&рис 4х3кгXE;1226,8476
;12272234;PRO PLAN д/вз кр пород спор кур 4х3кгRU;1076,5656
;12272200;PRO PLAN д/кр щен мощтел кур&рис 4x3кгXE;1226,8476
;12272132;PRO PLAN д/мел кар щен кур&рис 4х3кг RU;1382,5944
;12272214;PRO PLAN д/ср щен с кур&рис 4х3кгRU;1226,8476
;12278099;PRO PLAN д/ср щен чувпищ ягн&рис 4х3кгRU;1226,8476
;12272213;PRO PLAN д/ср щен чувкож лос&рис 4х3кгRU;1226,8476
12381687;12272619;PRPLN д/мел кар щен чувкож лос&рис 4х3кг;1382,5944
;12272681;PRPLN д/ср&бол вз соб7+ кур&рис 4х3кгXE;1195,425
;12272683;PRPLN д/србол взсоб7+чувкожлос&ри4х3кгXE ;1195,425
;12272215;PRO PLAN д/вз мел кар чувкожлос 4х3кгRU;1325,214
;12278098;PRPN д/взр ср пор чувпищ ягн&ри 4х3кгRU;1195,425
;12278062;PRO PLAN д/взр мелкар чувпищ ягн 4х3гRU;1325,214
;12272211;PRPN д/вз ср соб чувкж лос&рис 4х3 кгRU;1195,425
;RU PUR ProPlan Dry Dog 700 - 800g;;0
12350214;12272467;PRO PLAN S&M д/щн чувкожлос&рис 8х700гRU;367,5078
12350217;12272470;PRO PLAN д/мел кар взр9+кур&ри 8х700гRU ;352,4796
12350216;12272382;PRO PLAN д/мел кар щен кур&рис 8х700г RU;367,5078
12350213;12278061;PRO PLAN д/вз мелкар чвпщ яг&рис8х700гRU;352,4796
;12272469;PRPN SMLMNADL д/вз чувкжлос&риc 8х700гRU;352,4796
12350215;12272468;PRPN SMLMNADL д/взрсоб кур&рис 8х700гRU ;352,4796
;PRO PLAN VETERINARY DIETS;;0
;RU PUR PVD Dry Dog 12kg;;0
;12274135;PPVD CANINE DRM 12kg RU;6390,03618
;12274131;PPVD CANINE EN 12kg RU;6145,41807
;12274205;PPVD CANINE JM 12kg RU;6804,19971
;RU PUR PVD Dry Dog 3kg;;0
;12274254;PPVD CANINE DRM 2x3kg RU;1999,991565
;12274252;PPVD CANINE HA 2x3kg RU;2356,30791
;12274656;PPVD CANINE EN 5kg RU;3205,913535
;12274440;PPVD CANINE JM 2x3kg RU;2090,90079
;12338910;PPVD д/соб NC поддерж.функц.мозга 2x3кг;2472,73092
;12274255;PPVD CANINE NF 2x3kg RU;2090,90079
;12274406;PPVD CANINE UR 2x3kg RU;2090,90079
;12274407;PPVD CANINE OM 2x3kg RU;2090,90079
;12274154;PPVD CANINE EN 4x1.5kg RU;1106,064135
;RU PUR PVD Wet Dog 400g;;0
12381643;12275682;PPVD CANINE OM Mousse 12x400g RU;203,72319
;12275681;PPVD д/соб конс NF при заб.почек12x400г;203,72319
;12275680;PPVD CANINE EN Mousse 12x400g RU;222,80445
;12381641;PPVD CANINE NF Mousse 12x400g N1 RU;203,72319
;RU PUR Gourmet A la Carte 85g;;
;12242376;GOURMET ALCTE ГовОвощ Вподл Pch24x85g RU;27,8414
;12242389;GOURMET ALCTE Инд/Овщ Вподл Pch24x85g RU;27,8414
;12242400;GOURMET ALCTE Кур/Мак в подл Pch24x85g R;27,8414
;12242394;GOURMET ALCTE Лос/Овощ в подл 24x85g RU;27,8414
;12266707;GRMT ALCTE ГвП ДомПтиц&Овощ 24x85г RU;27,8414
;RU PUR Gourmet Perle 85g;;
аналоги;12215290;GOURMET PERLE ГвП Ягненок 24x85г;27,8414
аналоги;12401973;GOURMET PERLE GiG Beef Pch 24x85g PR RU;27,8414
аналоги;12402023;GOURMET PERLE GiG Chkn Pch 24x85g PR RU;27,83694167
аналоги;12402022;GOURMET PERLE GiG Smn Pch 24x85g PR RU;27,83694167
аналоги;12402025;GOURMET PERLE GiG Duck Pch 24x85g PR RU;27,8414
аналоги;12402024;GOURMET PERLE GiG Trky Pch 24x85g PR RU;27,8414
;RU PUR Gourmet Gold 85g;;
;12109500;GOURMET GOLD Конс Д/К ФорельОвощи 24x85g;36,8936
;12109424;GOURMET GOLD Конс Д/К ЦыпленЛосось24х85г;36,8936
;12130919;GOURMET GOLD КонсД/К КурицаПечень 24x85g;36,8936
;12254211;GOURMET GOLD Кролик 24x85г PR ST X8;36,8936
;12383453;GOURMET GOLD Sauce Delight Chkn12x85g RU;36,8936
;12383454;GOURMET GOLD Sauce Delight Beef12x85g RU;36,8936
;12215249;GOURMET GOLD Мусс Говядина 24x85г;36,8936
;12254204;GRMT GOLD HsCC Dck & Crt & Spin 85г (24) N1 X8;36,8936
;12032395;ГУРМЭ ГОЛД Конс Д/К Дуо Кролик Печень 85г (24);36,8936
;12032394;ГУРМЭ ГОЛД ДуоУтка&Индейка 24х85г;36,8936
;12182548;GOURMET GOLD Паштет Кролик 24x85г X8;36,8936
;12307070;GOURMET GOLD Паштет Курица 12x85г;36,8936
;12032392;ГУРМЭ ГОЛД Паштет Индейка 24х85г ;36,8936
;12032582;GOURMET GOLD Паштет Курица 24х85г;36,8936
;12307049;GOURMET GOLD Паштет Тунец 12x85г;36,8936
12358184;12356872;GOURMET GOLD Kitten Mse Veal 12x85g XG;36,8936
;RU PUR GOURMET Savoury Cake 85g;;
;12296420;GOURMET Gold НежныеБит Гов&Том 12x85г ;36,8936
;12296406;GOURMET Gold НежныеБит Инд&Шпин 12x85г;36,8936
;12296405;GOURMET Gold НежныеБит Кур&Морк 12x85г ;36,8936
;12296407;GOURMET Gold НежныеБит Ягн&Фас 12x85г ;36,8936
;RU PUR Gourmet Melting Heart 85g;;
;12348198;Гурмэ Голд Нежная Начинка Говядина 12х85;36,8936
;12348455;Гурмэ Голд Нежная Начинка Курица 12х85;36,8936
12364162;12348472;Гурмэ Голд Нежная Начинка Лосось 12х85;36,8936
;RU PUR Gourmet Souffle 85g;;
;12376365;GOURMET GOLD CiG Duck&Olive 12x85g RU;36,8936
;12376364;GOURMET GOLD Mse Lamb&Grnb 12X85g RU;36,8936
;12376363;GOURMET GOLD Mse Trout&Tomato 12X85g RU;36,8936
;RU PUR PURINA ONE My Dog Is 100g;;
;12263869;ONE МояСоб Взрос Гов Карт&Гор 20x100гRU;28,3229
;12263890;ONE МояСоб Взрос Кур Мор&Фас 20x100гRU;28,3229
;12324108;ONE МояСоб ЛюбЕст Инд Мор&Гор 24х100гRU;28,3229
;12351854;ONE МояСоб ЛюбЕст Кур Рис&Том 24х100гRU;28,3229
;12351749;ONE МояСоб Непосед Гов Кар&Мор 24x100гRU;28,3229
;12351851;ONE МИНИ Активная Утк Пас&Фас 24x100гRU;28,3229
;12322246;ONE МИНИ Чувствит ЛосРис&Мор 24x100гRU;28,3229
;RU PUR Gourmet MonPetit 50g;;
;12287078;GOURMET MON PETIT Говяд 30x50г RU;18,404
;12287077;GOURMET MON PETIT Ягнен 30x50г RU;18,404
;12287079;GOURMET MON PETIT Лосось 30x50г RU;18,404
;12287007;GOURMET MON PETIT Курица 30x50г RU;18,404
;RU PUR FELIX CRUNCHY SENSATIONS;;
;12351441;FLX SnstХрустТоп ГвЖ Мясо12(3x85г+12г)X8;86,08395
;12351442;FLX SnstХрустТоп ГвЖ Рыба12(3x85г+12г)X8;86,08395
;RU PUR Felix Doubly Delicious 85g;;
;12294936;FELIX ДвойнВкус ГвЖ Индейка&Печень 24x85;24,1755
;12294937;FELIX ДвойнВкус ГвЖ Лосось&Форель 24x85;24,1755
;12294935;FELIX ДвойнВкус ГвЖ Ягненок&Курица 24x85;24,1755
;12294934;FELIX DblyDl GiJ Beef&Poultry 24x85gN1RU;24,1755
;RU PUR Felix Sensations 85g;;
;12318961;FELIX Sensations ГвЖ ЛосТреска 24х85г XG;24,1755
;12318965;FELIX Sensations ГвЖ Гов&Томат 24x85г XG;24,1755
;12318964;FELIX Sensations ГвЖ Кур&Морк 24x85г XG;24,1755
;12318963;FELIX Sensations ГвЖ Утк&Шпин 24x85г XG;24,1755
;RU PUR FELIX Surprise Wet Cat 85 g;;
;12318968;FELIX Сенс вУдивСоу Гов&Том 24x85g XG;24,1755
;12318969;FELIX Сенс вУдивСоу Инд&Бек 24x85g XG;24,1755
;12318966;FELIX Сенс вУдивСоу Трес&Том 24x85g XG ;24,1755
;12318967;FELIX Сенс вУдивСоу Утк&Мор 24x85g XG ;24,1755
;RU PUR Felix Wet Cat 85g;;
;12318916;FELIX AGAIL ГвЖ Говядина 24x85г XG ;24,1755
;12318919;FELIX AGAIL ГвЖ Индейка 24x85г XG ;24,1755
;12318915;FELIX AGAIL ГвЖ Кролик 24x85г XG;24,1755
;12318917;FELIX AGAIL ГвЖ Курица и Томат 24x85г XG ;24,1755
;12114152;FELIX AGAIL ГвЖ Курица и Томат 85г (24) RU;24,1755
;12318960;FELIX AGAIL ГвЖ Курица 24x85г RU XG;24,1755
;12318918;FELIX AGAIL ГвЖ Лосось 24x85г XG ;24,1755
;12318914;FELIX AGAIL ГвЖ Форель 24x85g RU;24,1755
;12318913;FELIX AGAIL ГвЖ Ягненок 24x85г XG;24,1755
;12333330;FELIX Д/Котят AGAIL ГвЖ Курица 24x85гRU;24,1755
;RU PUR Friskies Wet Cat 85g;;
;12383900, 12369395;FRISKIES Д/кош КвП Печень Пауч 24x85г RU;15,34665
;12261826;FRISKIES Д/Кош КвП Гов 24х85гX8;15,34665
;12261850;FRISKIES Д/Кош КвП Кур 24х85г X8;15,34665
;12376058;FRISKIES Kitten CiG Chkn Pouch 24x85g RU;15,34665
;12261815;FRISKIES Д/Кош КвП Утка 24х85гX8;15,34665
;12339362;FRISKIES Д/Кош Индейка в подл 24х85г;15,34665
;12261837;FRISKIES Д/Кош КвП Ягненок 24х85гX8;15,34665
;12383901,   12369394;FRISKIES Д/кош КвП Лосось Пауч 24x85г RU;15,34665
;RU PUR FELIX Cat Snacks 20g;;
;12393611;FELIX Хрустящее лакомство Говядина 15x20;25,02324
;12237743;FELIX PARTY MIX ГрильМикс 15x20г;25,0275
;12237744;FELIX PARTY MIX МорскойМикс 15x20г;25,0275
;12237745;FELIX PARTY MIX ОригиналМикс 15x20г;25,0275
;12237742;FELIX PARTY MIX СырныйМикс 15x20г;25,0275
;RU PUR FELIX Cat Snacks 60g;;
;12234059;FELIX PARTY MIX ГрильМикс 8x60г;55,4865
;12234058;FELIX PARTY MIX МорскойМикс 8x60г;55,4865
;12234057;FELIX PARTY MIX ОригиналМикс 8x60г;55,4865
;12234070, 12370944 ;FELIX PARTY MIX СырныйМикс 8x60г;55,4865
;RU PUR FELIX DD Dry Cat 1.5kg;;
;12378965;FELIX Doubly Delicious Meat 6x1.5kg RU;336,31635
;12378966;FELIX Doubly Delicious Poultry 6x1.5kgRU;336,31635
;RU PUR FRISKIES DOG WET 85g;;
;12378636;FRISKIES Dog CiG Beef 24x85g RU;13,0356
;12378621;FRISKIES Dog CiG Chicken 24x85g RU;13,0356
;12378637;FRISKIES Dog CiG Lamb (24x85g) RU;13,0356
;RU PUR FELIX DD Dry Cat 300g;;
12320968;12367740;FELIX Doubly Delicious Fish 10x300g N1RU;97,52395
;12367741;FELIX ДвойнВкус Птица 10x300г N1RU;97,52395
12367741;12320969;FELIX Doubly Delicious Poultry 10x300gRU;97,52395
12320970;12367742;FELIX Doubly Delicious Meat 10x300g N1RU;97,52395
;RU PUR FELIX DD Dry Cat 750g;;
;12320971;FELIX Doubly Delicious Fish 8x750g RU;218,3265
12320972;12367750;FELIX Doubly Delicious Poultry8x750gN1RU;218,3265
12320973;12367751;FELIX Doubly Delicious Meat 8x750g N1 RU;218,3265
;RU PUR Friskies Dry Cat 10-20 kg;;
;12150595;FRISKIES Cat Мясо&Курица&Печен10кг;1539,6619
;12053617;FRISKIES Cat Мясо&Овощ 10kgX8;1539,6619
;RU PUR Friskies Dry Cat 2kg;;
;12053622;FRISKIES Д/ВзрКош Сух Мясо&Кур&Печ 6х2кг;358,70315
;12053625;FRISKIES Д/Кош Кролик&Овщ 6x2kg X8;358,70315
;12053767;FRSIKIES Д/Кош Мясо&Овщ 6x2kgX8;358,70315
;5118345;ФРИСКИС Д/КотятКурМолОв 6х2кг N2;358,70315
;RU PUR Friskies Dry Cat 400g;;
;12152610;FRISKIES Д/Кош Крол&Овщ 10x400g RU;79,52725
;12152494;FRSK JUNIOR Cat Кур&Мол&Овощ 10x400г RU;79,52725
;12152612;FRISKIES Д/Кош Мяс&Кур&Печ 10x400г;79,52725
;12152613;FRISKIES Д/Кош Мясо&Овощ 10x400г RU;79,52725
;RU PUR Friskies Spec Needs Dry Cat 1,5kg;;
;12274319;FRISKIES Д/СтерКош Крол&Овощ 8x1.5kgRU;358,70315
;12261250;FRISKIES Кош КомШерс Кур&Овощ 8x1.5кг RU;358,70315
;12261250;FRISKIES INDOOR CatChkn&GrdGrns8x1.5kgRU;358,70315
;RU PUR Friskies Spec Needs Dry Cat 300 g;;
;;;79,52725
;12274332;FRISKIES Д/ДомКош Кур&СадЗел 10х300гRU;79,52725
;12261251;FRISKIES Кош КомШерс Кур&Овощ 10x300г RU;79,52725
;12274331;FRISKIES Д/СтерКош Крол&Овощ 10х300гRU;79,52725
;;;
;12047929;DARLING Кошка Мясо Овощи 6х2кг;337,0856
;12047940;DARLING Кошка Птица Овощи 6х2кг;337,0856
;;;
;12285408;DARLING Dog Meat&Vegetable 5x2.5kg N1 X8;293,1813
;12285417;DARLING Dog Poultry&Vegetable5x2.5kgN1X8;293,1813
